location,lat,long,post_ids
takayama city,36.133329407000474,137.2499956660006,211783385560749_1198420300230381$$211783385560749_842092609196487$$211783385560749_635912846481132
takeda,35.29999885500047,134.8333276160006,211783385560749_508978429174575
takeda castle,37.10988225000045,138.25592640100058,211783385560749_1143473565725055
taketa city,-3.2499972999995634,19.099997545000463,211783385560749_405998316139254
taketomi island,24.32193602500047,124.08396599100058,211783385560749_1065648760174203
takizawa,40.801116197000454,141.2781192180006,211783385560749_481675941904824
takizawa city,40.801116197000454,141.2781192180006,211783385560749_672178492854567
tala,30.680249802000446,30.94291962900047,144113158937441_1196816623667084
talicud island,6.9338860030004525,125.69943963700052,240054519398747_794839350586925$$240054519398747_776437115760482
taman mount austin,1.560899291000453,103.78199704500054,107026329336542_716246588414510
taman negara,4.699996234000423,102.46659727000053,107026329336542_1100125320026633
taman safari bogor,,,67558139928_10150654857849929
taman sari,-5.3640582029995585,105.14337823900053,67558139928_10153669411289929
tamar park,-41.374578705999625,147.05431965100058,114979501871035_996974517004858
tamarind hill,18.043026702000475,-63.023317505999614,107026329336542_713951985310637
tamawan village,16.42972636300044,120.5763697480005,240054519398747_762133903857470$$240054519398747_762133903857470
tamayu river,14.481898709000461,121.28379697200057,211783385560749_715559955183087
tambak garam,,,67558139928_10154924572839929
tambaraparani river,8.633326699000463,78.09999951000049,144113158937441_1209315915750488
tambobong beach,46.91930712762297,-104.00611586725273,240054519398747_654611171276411
tamil nadu,10.999999685000432,77.99999588500049,144113158937441_1611897285492347$$144113158937441_1412917265390351$$144113158937441_1403449496337128$$144113158937441_1139519156063498$$144113158937441_1127146240634123$$144113158937441_1125994444082636
tampines,1.3580572910004207,103.94027949900055,225524117535380_1264392280315220$$225524117535380_1224649337622848$$225524117535380_1165569796864136$$225524117535380_1161481927272923$$225524117535380_1134814486606334$$225524117535380_945140318907086
tampines cafes that prove tampines,,,225524117535380_1264392280315220
tampines hub,1.3424481760004028,103.94436963600054,225524117535380_1280674938686954$$225524117535380_1224649337622848$$225524117535380_1191441170943665
tana toraja,-6.2989492429995835,106.81473692600053,67558139928_10154288323064929
tanabata,-15.758936783999616,-47.88801958099964,211783385560749_1118569581548787$$211783385560749_890265351045879
tanabe city,33.733327878000466,135.36666978800054,211783385560749_711320655607017
tanah lot,-8.616765564999582,115.09007858900054,67558139928_10153648450269929$$67558139928_10153646250644929
tanah lot temple,,,67558139928_10154816382964929$$433618953473105_504390116395988
tanay,14.496796887000471,121.28459790100055,240054519398747_1112254942178696$$240054519398747_962182457185946$$240054519398747_672003766203818$$240054519398747_653456458058549
tandang,-7.0160956049995775,110.44159958600056,240054519398747_130466180441594
tandurusa,1.4613996200004067,125.21859880600061,67558139928_10150601799369929
tangerang,-6.178058469999598,106.62999681900055,67558139928_10153652017199929
tangkahan,3.604797920000408,98.08909772000055,67558139928_10150259981749929
tangkoko national park,31.359879859000444,75.54165009000053,67558139928_10150588905504929
tanglin halt road,1.3021587510004338,103.79755666400052,225524117535380_1322664824487965
tanglin road,1.3021587510004338,103.79755666400052,225524117535380_1216655501755565$$225524117535380_1102716683149448
tangsi,-6.254398695999555,105.93799872600056,67558139928_10153635143864929
tanjong katong,1.2999989430004462,103.89999907300052,225524117535380_1014769608610823
tanjong pagar,1.2833279220004101,103.83332849000055,225524117535380_1319423698145411$$225524117535380_1254726621281786$$225524117535380_1103522293068887$$107026329336542_215535275152313
tanjong pagar centre,1.285798203000411,103.82659708700055,225524117535380_1077770098977440
tanjong pagar mrt,1.277077977000431,103.84688578600054,225524117535380_1122460694508380
tanjung balai karimun,0.9900799440004562,103.43423640400056,67558139928_10152944905574929
tanjung binga village,,,67558139928_10152544946709929
tanjung bira beach,,,67558139928_10150262609669929$$67558139928_501309139928
tanjung bira beach resort,,,67558139928_10152580225174929
tanjung bira village,,,67558139928_10150374450279929
tanjung kupang,1.3511189060004085,103.59994769900055,107026329336542_885354531503714
tanjung layar,-4.066665830999568,116.08332945000052,67558139928_10150267123994929
tanjung pandan,6.265645802000449,99.84855859000055,67558139928_10154509524069929
tanjung puting national park,-2.9352997259995846,112.0401997290005,67558139928_10153758478729929$$67558139928_10153493267634929$$67558139928_10152578417409929$$67558139928_10151022447199929
tanjung setia beach,,,67558139928_10150217919319929
tanjung tinggi beach,,,67558139928_10153748440509929$$67558139928_10150094730719929
tanka,-17.799996163999595,-67.41666914999962,114979501871035_201024709936751
taobao,24.554898352000464,116.44443590700052,225524117535380_1188468631240919$$225524117535380_1157366537684462$$225524117535380_1056420387779078
taobao queens,11.245817372000431,-60.56287734099965,225524117535380_1056420387779078
taoism,14.300236329000427,100.82596635600055,297751913699970_374717746003386$$297751913699970_354659301342564
taon strait,10.421198047000416,123.52899873800061,240054519398747_1017496104987914$$240054519398747_520693264668203
tappiya falls,60.41903703513219,-149.37041716721788,240054519398747_739948776075983
tapsa temple,31.097471507505134,-97.3430296233177,340785907491_10150947499957492
tapsilog,14.358969617000469,120.9809873430006,240054519398747_548166921920837
tarakan east kalimantan,3.2999994670004185,117.63332940700059,67558139928_396423819928
tasik,39.45125848100048,45.962636312000484,67558139928_10150471107819929
tasikmalaya,-7.327395980999597,108.22069566400057,67558139928_10150292959469929$$67558139928_10150292884319929
tatami,42.0890774070005,-87.79798855499968,211783385560749_430117643727321
tateyama,34.98332595600044,139.86666646800063,211783385560749_897339523671795
tateyama kurobe alpen route,,,211783385560749_939132479492499
tateyama kurobe alpine route,,,211783385560749_619185661487184$$211783385560749_308112045927882
tateyama mountains,36.572868403000484,137.61714958500056,211783385560749_897339523671795
tatlong pulo,14.84265986300045,120.49969016500052,240054519398747_489291324475064
tausugs,,,240054519398747_723005837770277$$240054519398747_630372207033641
taveuni island,-16.849999964999597,-179.96666670199977,225524117535380_1268980043189777
tawitawi,7.099997763000431,124.64999776300056,240054519398747_1018570818213776$$240054519398747_666479220089606$$240054519398747_644119232325605
tay kak sie temple,,,67558139928_10154350145849929$$67558139928_10150562878134929
tayandak beach of kalamansig,,,240054519398747_697046163699578
taytay,14.567796086000442,121.13939578600059,240054519398747_489043397833190
tboli,0.16084852800042881,28.028577742000437,240054519398747_910361795701346
tboli municipality,,,240054519398747_950483858355806
teadot,1.3508579290004263,103.87298797000057,225524117535380_683405151747272
teavana,47.61593696500046,-122.2017061419997,225524117535380_1244503395637442$$225524117535380_1193628420724940$$225524117535380_1185831791504603
tebing lane,1.3930212420004295,103.91642898800052,225524117535380_1290321527722295
tehri garhwal,30.390857982000455,78.48029676400051,144113158937441_1390207467661331
tekong,-30.675018661999616,28.493629474000443,225524117535380_1286326124788502$$225524117535380_1150962968324819$$225524117535380_994454257309025
telok,27.36576742200043,87.84535622800053,225524117535380_939279799493138
telok blangah mrt station,,,225524117535380_1170773203010462
temple of heaven park,39.87952597700047,116.40388550500052,297751913699970_734292293379261
tendo city,38.353607884000496,140.36971732800055,211783385560749_782017241870691
tenganan village,46.0461584620445,-118.3524666828904,67558139928_10150471168649929
tenggarong city,-0.42365860399957,116.9889460880006,67558139928_10152865413384929
tenmangu,61.08332739700052,13.68332870900042,211783385560749_1319080791497664$$211783385560749_782014905204258
tenmaya,48.150417536000475,11.566586044000417,211783385560749_878632085542539
terbaya beach,46.91930712762297,-104.00611586725273,67558139928_10150217967384929
terengganu,4.9999981130004585,102.99999793800055,1647170365552546_1723322367937345$$107026329336542_1100125320026633$$107026329336542_1096586570380508$$107026329336542_929374480435052$$107026329336542_518428658196305$$107026329336542_411715402200965
ternate,0.7999988120004105,127.39999623400058,67558139928_10153604897984929$$67558139928_10152904076724929$$67558139928_10152807921919929$$67558139928_10151514250569929$$240054519398747_592120290858833$$240054519398747_592120290858833$$433618953473105_557248347776831
teruteru bouzu,14.991028530000449,102.11946657400051,211783385560749_859885657417182
texas,31.250439204000486,-99.25060627399967,240054519398747_525516230852573
th avenue,13.73049688700047,100.56096237200052,240054519398747_1065384590199065$$240054519398747_557781084292754
th korea,18.075077358000442,99.82958377300054,340785907491_10154382887532492
thailand,14.999996234000434,99.99999715100051,114979501871035_776058209096491$$114979501871035_767773056591673$$114979501871035_763455440356768$$114979501871035_433126393399673$$225524117535380_1311745925579855$$225524117535380_1297185747035873$$225524117535380_1300032113417903$$225524117535380_1297163107038137$$225524117535380_1290281051059676$$225524117535380_1285425618211886$$225524117535380_1277730708981377$$225524117535380_1265477050206743$$225524117535380_1254715967949518$$225524117535380_1254723377948777$$225524117535380_1192684584152657$$225524117535380_1192573590830423$$225524117535380_1165592383528544$$225524117535380_1150848245002958$$225524117535380_1113072358780547$$225524117535380_1093210814100035$$225524117535380_1086550898099360$$225524117535380_1034008320020285$$225524117535380_954395027981615$$225524117535380_949941785093606$$225524117535380_947803395307445$$225524117535380_639447396143048$$225524117535380_547926098628512$$1647170365552546_1886627514940162$$1647170365552546_1865111127091801$$1647170365552546_1859491060987141$$1647170365552546_1853919981544249$$1647170365552546_1847626802173567$$1647170365552546_1820106834925564$$1647170365552546_1777412225861692$$1647170365552546_1710147249254857$$1647170365552546_1701856886750560$$1647170365552546_1650983168504599$$144113158937441_982247031790712$$240054519398747_1071153909622133$$240054519398747_969419339795591$$240054519398747_456839611053569$$340785907491_130632883685618$$107026329336542_1234505293255301$$297751913699970_524761200999039$$211783385560749_667634259975657
thailand cultural center mrt,13.765287799000419,100.56937662600052,225524117535380_1209590315795417$$225524117535380_1115547475199702
thaipusam,1.308039729000427,103.92330700500054,107026329336542_1310602805645549
thalassery,11.747779329000423,75.48832776500052,144113158937441_1393075834041161
thanarat road,,,225524117535380_1290281051059676
thar desert,26.999999379000485,70.99999854900051,144113158937441_1223325457682867$$144113158937441_941914922490590
the cafe menu,21.005118352000466,105.83781961500057,225524117535380_1110140122407104
the philippines,12.999995710000462,121.99999841800059,114979501871035_407350572633925$$240054519398747_1154911387913051$$240054519398747_1153507558053434$$240054519398747_1080756625328528$$240054519398747_1072088599528664$$240054519398747_1005518989518959$$240054519398747_847017865369073$$240054519398747_795754937162033$$240054519398747_773974289340098$$240054519398747_470141979694499
the philippines center,14.196439540000426,121.12833576700052,240054519398747_1059416167462574
the pines melaka,,,107026329336542_1226487267390437$$107026329336542_1211930438846120$$107026329336542_1179509648754866
the regency jerai hill resort,,,107026329336542_851537118218789
thistle johor bahru,1.4620385640004088,103.74382693200056,107026329336542_1073092559396576$$107026329336542_972804229425410
thistle port dickson resort,2.430397633000439,101.85920966900056,107026329336542_911112058927961
thompson road,42.97290697700049,-81.21038862399968,225524117535380_1075924015828715
thonglor,12.579206550000436,99.95480766100053,225524117535380_995218257232625
thousand islands,28.322778499000435,-80.62810879499966,67558139928_10155027548294929$$67558139928_10153582266224929$$67558139928_10151223603184929$$67558139928_10150169282074929
thousand islands marine national park,,,67558139928_10151140086049929
three hong kong,22.291077239000458,114.1989686650005,114979501871035_964173033618340
thunderbird resort,48.5993696970005,-93.1873673129997,240054519398747_479298615474335
tiananmen square,39.90443576700045,116.39138561400057,297751913699970_616661411809017
tianjin,39.14221690500045,117.17666943000052,225524117535380_1037812876306496$$225524117535380_982254805195637
tianshan mountains,41.99999881100047,79.99999640900052,297751913699970_405852622889898
tianyi pavilion,42.172310089440145,-85.45948788895413,297751913699970_375083465966814
tiaong quezon,13.977335983000444,121.3246578460006,240054519398747_1111848362219354
tibet,31.999996190000445,89.99999903000054,144113158937441_1507979712550772$$297751913699970_668196303322194$$297751913699970_401432253331935
tibiao,11.29151981600046,122.03540577600052,240054519398747_881942295209963$$240054519398747_680068048730723$$240054519398747_680065678730960
tibiao antique,11.283860160000415,122.03807984200057,240054519398747_592488587488670
tibiao river,10.386488127000462,119.05759702000057,240054519398747_686071241463737
tibiaos,11.29151981600046,122.03540577600052,240054519398747_881942295209963
ticao island,12.52909899600047,123.69809823200058,240054519398747_928964457174413$$240054519398747_893145694089623$$240054519398747_735582306512630
tidore island,0.6833286650004311,127.39999623400058,67558139928_10152892507119929
tidung,-5.167596636999576,119.43669738000051,67558139928_202168576576300
tidung besar,-5.796618318999549,106.49616969500056,67558139928_202168576576300
tidung island,-5.857218940999587,106.60277873400054,67558139928_10153582266224929$$67558139928_10150507652934929
tigerair our,32.83122294808169,-85.97042841224066,225524117535380_712955728792214
tigerair singapore,1.3579615300004093,103.81025180200055,225524117535380_701331546621299
tikling island,,,240054519398747_874778222593037$$240054519398747_846866912050835$$240054519398747_810502055687321$$240054519398747_810500965687430$$240054519398747_401697186567812
times square,40.7564756590005,-73.98617618599962,114979501871035_170532376315747
times square causeway bay,22.278128567000465,114.18183943100053,114979501871035_858598954175749
timor,0.849998375000439,123.78332966900052,67558139928_10155101492514929$$67558139928_10153734402014929$$67558139928_10153493267634929
tinaga island,14.465097200000457,122.93429551000054,240054519398747_413062708764593
tinalisayan island,13.156937283000445,122.9316677440006,240054519398747_937366123000913$$240054519398747_871547269582799
tingloy island,,,240054519398747_497077960363067
tinipak river,41.15948057716798,-87.59299622849238,240054519398747_672003766203818
tinola,64.0666661620005,26.949996453000438,240054519398747_505158692829251
tinuyan falls,60.41903703513219,-149.37041716721788,240054519398747_787487491322111
tioman,2.8178897480004252,104.15948654700054,107026329336542_635137679858735
tioman island,2.7971960850004507,104.16599746900056,225524117535380_1007911225963328$$107026329336542_583790091660161
tiong bahru,1.2833279220004101,103.83277953800052,225524117535380_1320697448018036$$225524117535380_1297198693701245$$225524117535380_1278679068886541$$225524117535380_1254692077951907$$225524117535380_1252378098183305$$225524117535380_1152715158149600$$225524117535380_1085907591497024$$225524117535380_1068428406578276$$225524117535380_1042391449181972$$225524117535380_795684030519383$$225524117535380_622970767790711
tiong bahru road,1.286570784000446,103.82471189900053,225524117535380_1091504070937376
tirunelveli,8.733325825000463,77.6999985060005,144113158937441_1209315915750488
tiwi,13.458496023000464,123.68049579400054,240054519398747_732416466829214
toa payoh,22.31860579600044,114.1682273930005,225524117535380_1233851670035948$$225524117535380_984662288288222$$225524117535380_970419783045806$$225524117535380_943505592403892
toba lake,15.157198784000457,0.714296053000453,67558139928_398338964928
toba samosir regency,,,67558139928_10154404111159929
tochigi,36.69258927900046,139.81612695300055,211783385560749_1149683338437411$$211783385560749_946575795414834$$211783385560749_902405676498513$$211783385560749_853402088065539$$211783385560749_713314585407624$$211783385560749_634493646623052$$211783385560749_268657056540048
tochigi prefecture,48.32273984800048,-1.755369893999557,211783385560749_1065621833510229
tofukuji temple,32.834757615000456,130.7558254440006,211783385560749_993792664026480
togean island,-0.33332911899958617,121.99999841800059,67558139928_10152870422884929
togean island wonderfulindonesia togean islands,,,67558139928_10152826698489929
togean islands,-0.33332911899958617,121.99999841800059,67558139928_10152552888129929$$67558139928_10150266167074929$$67558139928_10150266080054929$$67558139928_405923314928
togean national park,31.359879859000444,75.54165009000053,67558139928_10151219072229929$$67558139928_10150266211339929
togetsukyo,35.01361726800047,135.67783067600055,211783385560749_578462978892786
togetsukyo bridge,43.021682913137056,-124.00768931081234,211783385560749_540292896043128
tohamsan mountain,35.803328690000455,129.34721644100057,340785907491_10152767923257492
tohoku,31.762340779000453,131.08806696200054,211783385560749_1392142424191500$$211783385560749_1370855006320242$$211783385560749_1237916909614053$$211783385560749_1123642777708134$$211783385560749_1091961580876254$$211783385560749_1061962667209479$$211783385560749_1051520124920400$$211783385560749_1046888518716894$$211783385560749_1027685533970526$$211783385560749_1016811658391247$$211783385560749_898954453510302$$211783385560749_843081539097594$$211783385560749_826074100798338$$211783385560749_760479634024452$$211783385560749_720679014671181$$211783385560749_689827757756307$$211783385560749_646541012084982$$211783385560749_605207436218340$$211783385560749_578462325559518$$211783385560749_540293486043069$$211783385560749_483061415099610$$211783385560749_348039648601788$$211783385560749_253068014765619
tohoku region,,,211783385560749_367775886628164
tohoku shinkansen,40.84371391700046,140.6955874110006,211783385560749_902405676498513
tokushima,33.921757657000455,134.23681554900054,211783385560749_1004157446323335$$211783385560749_949442668461480$$211783385560749_723112647761151$$211783385560749_613795302026220$$211783385560749_551650484907369$$211783385560749_518474578224960
tokushima city,34.18332844600047,134.6166673420006,211783385560749_518474578224960
tokushima pref,34.03963819700044,134.52600038700052,211783385560749_551650484907369
tokushima prefecture,48.32273984800048,-1.755369893999557,211783385560749_1004157446323335$$211783385560749_835813726491042$$211783385560749_613795302026220$$211783385560749_282919781780442
tokushima prefectures iya valley,,,211783385560749_1343573565715053
tokutokuya,4.612186526000414,101.11856639200056,225524117535380_1114713845283065
tokyo,35.68949779200045,139.69170849300053,225524117535380_1311725565581891$$225524117535380_1307176346036813$$225524117535380_1302718293149285$$225524117535380_1293068320780949$$225524117535380_1293068044114310$$225524117535380_1286330641454717$$225524117535380_1294029950684786$$225524117535380_1284456621642119$$225524117535380_1265498163537965$$225524117535380_1260988613988920$$225524117535380_1249048721849576$$225524117535380_1247232812031167$$225524117535380_1229729833781465$$225524117535380_1223649277722854$$225524117535380_1205819929505789$$225524117535380_1204787439609038$$225524117535380_1204787662942349$$225524117535380_1203633406391108$$225524117535380_1194350183986097$$225524117535380_1191400547614394$$225524117535380_1150914994996283$$225524117535380_1126726590748457$$225524117535380_1126726590748457$$225524117535380_1042277749193342$$225524117535380_1002116683209449$$225524117535380_999445750143209$$225524117535380_999445750143209$$225524117535380_986303508124100$$225524117535380_974843799270071$$225524117535380_970413706379747$$225524117535380_955669221187529$$225524117535380_904492506305201$$225524117535380_868746736546445$$240054519398747_1093480280722829$$240054519398747_815723565165170$$240054519398747_811748448896015$$240054519398747_606055336131995$$240054519398747_605758012828394$$211783385560749_1433823473356728$$211783385560749_1385785874827155$$211783385560749_1343921779013565$$211783385560749_1296368203768923$$211783385560749_1275634859175591$$211783385560749_1274329132639497$$211783385560749_1174356909303387$$211783385560749_1151375591601519$$211783385560749_1149683338437411$$211783385560749_1117898984949180$$211783385560749_1117825474956531$$211783385560749_1095034480568964$$211783385560749_1091841574221588$$211783385560749_1068317713240641$$211783385560749_1065712636834482$$211783385560749_1065711723501240$$211783385560749_1051520124920400$$211783385560749_1026529044086175$$211783385560749_1014279165311163$$211783385560749_1009425932463153$$211783385560749_1009420165797063$$211783385560749_987597987979281$$211783385560749_980465038692576$$211783385560749_978318038907276$$211783385560749_963385560400524$$211783385560749_960415740697506$$211783385560749_959440990794981$$211783385560749_959384400800640$$211783385560749_953639448041802$$211783385560749_945482805524133$$211783385560749_939644582774622$$211783385560749_936201256452288$$211783385560749_936201256452288$$211783385560749_934530199952727$$211783385560749_926731757399238$$211783385560749_926702154068865$$211783385560749_902405676498513$$211783385560749_900475773358170$$211783385560749_866135603458854$$211783385560749_862943373778077$$211783385560749_853512664721148$$211783385560749_852858998119848$$211783385560749_853402088065539$$211783385560749_849235381815543$$211783385560749_848243471914734$$211783385560749_845696635502751$$211783385560749_843043135768101$$211783385560749_837673499638398$$211783385560749_830480870357661$$211783385560749_821408321264916$$211783385560749_807380699334345$$211783385560749_804039349668480$$211783385560749_803988273006921$$211783385560749_799742716764810$$211783385560749_793464744059274$$211783385560749_781114745294274$$211783385560749_773058662766549$$211783385560749_764699746935774$$211783385560749_761376053934810$$211783385560749_757413264331089$$211783385560749_757408124331603$$211783385560749_756398537765895$$211783385560749_751082431630839$$211783385560749_750978744974541$$211783385560749_747654668640282$$211783385560749_744851148920634$$211783385560749_743631545709261$$211783385560749_741089369296812$$211783385560749_731451290260620$$211783385560749_726436457428770$$211783385560749_719678618104554$$211783385560749_716488335090249$$211783385560749_713314585407624$$211783385560749_708851265853956$$211783385560749_708858639186552$$211783385560749_708344882571261$$211783385560749_704764712929278$$211783385560749_699675706771512$$211783385560749_694803163925433$$211783385560749_693737467365336$$211783385560749_685567038182379$$211783385560749_681939705211779$$211783385560749_678692458869837$$211783385560749_678050015600748$$211783385560749_677894162283000$$211783385560749_675616592510757$$211783385560749_665894310149652$$211783385560749_665305540208529$$211783385560749_657810657624684$$211783385560749_656117691127314$$211783385560749_655042244568192$$211783385560749_652332928172457$$211783385560749_652332928172457$$211783385560749_644528082286275$$211783385560749_642956265776790$$211783385560749_634493646623052$$211783385560749_633188980086852$$211783385560749_633188980086852$$211783385560749_632684393470644$$211783385560749_623636954375388$$211783385560749_623174117755005$$211783385560749_610953275643756$$211783385560749_610953275643756$$211783385560749_601951023210648$$211783385560749_598129490259468$$211783385560749_586709641401453$$211783385560749_586196874786063$$211783385560749_585317891540628$$211783385560749_582047058534378$$211783385560749_582044985201252$$211783385560749_572139202858497$$211783385560749_568244176581333$$211783385560749_561702240568860$$211783385560749_557826700956414$$211783385560749_556479114424506$$211783385560749_552339734838444$$211783385560749_545919845480433$$211783385560749_542757699129981$$211783385560749_540294062709678$$211783385560749_536933963045688$$211783385560749_532939956778422$$211783385560749_530945736977844$$211783385560749_525016204237464$$211783385560749_519729628099455$$211783385560749_518852614853823$$211783385560749_503780746361010$$211783385560749_496788583726893$$211783385560749_494775447261540$$211783385560749_494287250643693$$211783385560749_477487412323677$$211783385560749_475206969218388$$211783385560749_470096999729385$$211783385560749_464791573593261$$211783385560749_460973330641752$$211783385560749_456227387783013$$211783385560749_450963918309360$$211783385560749_450630388342713$$211783385560749_438772322861853$$211783385560749_437923152946770$$211783385560749_435566253182460$$211783385560749_431706983568387$$211783385560749_430117643727321$$211783385560749_402955353117661$$211783385560749_422665251139227$$211783385560749_414771298595289$$211783385560749_405728709499548$$211783385560749_372849246136579$$211783385560749_400286623377090$$211783385560749_395618840510535$$211783385560749_394722960600123$$211783385560749_390585567680529$$211783385560749_390112591061160$$211783385560749_389098904495862$$211783385560749_385390028200083$$211783385560749_381689375236815$$211783385560749_380272338711852$$211783385560749_392499127482908$$211783385560749_377020119037074$$211783385560749_375458349193251$$211783385560749_370997132972706$$211783385560749_365807756824977$$211783385560749_360762947329458$$211783385560749_359760330763053$$211783385560749_351082184964201$$211783385560749_348538335218586$$211783385560749_334848146587605$$211783385560749_334848146587605$$211783385560749_332517576820662$$211783385560749_332340433505043$$211783385560749_331167663622320$$211783385560749_327104280695325$$211783385560749_318987191507034$$211783385560749_314128431992910$$211783385560749_308720212533732$$211783385560749_308627819209638$$211783385560749_306184582787295$$211783385560749_304341762971577$$211783385560749_291283887610698$$211783385560749_366522193369387$$211783385560749_282919781780442$$211783385560749_279314662140954$$211783385560749_278102538928833$$211783385560749_263879350351152$$211783385560749_260334557372298$$211783385560749_259074150831672$$211783385560749_253068014765619$$211783385560749_245902322148855$$211783385560749_242028249202929$$211783385560749_294158277293938
tokyo asakusa sensoji,,,211783385560749_404424026287148
tokyo bay,35.27304624700048,-114.58246925699967,211783385560749_1219272571478487$$211783385560749_849235381815543$$211783385560749_392499127482908$$211783385560749_370997132972706
tokyo hikone,,,211783385560749_866135603458854
tokyo international forum,35.67675042300044,139.76397658000053,211783385560749_472808116124940
tokyo international forum building,,,211783385560749_395618840510535
tokyo japan,35.68949779200045,139.69170849300053,225524117535380_974843799270071
tokyo marathon,24.727470970210163,-81.04281855802924,211783385560749_694803163925433$$211783385560749_279314662140954
tokyo metropolitan,35.66146527900048,139.36683282200056,211783385560749_886418128097268
tokyo national museum,35.71797576500046,139.7754280640006,211783385560749_175965085872783
tokyo station,37.65436993300045,-122.10480724099972,211783385560749_775079345897814$$211783385560749_651736678232082$$211783385560749_411996788872740$$211783385560749_385390028200083
tokyo tower,35.65857653500046,139.7454382250006,211783385560749_845274848878263$$211783385560749_633188980086852$$211783385560749_561702240568860$$211783385560749_525016204237464
tokyo ueno,35.71121286500045,139.77632798400055,211783385560749_866135603458854
tokyo waterfront,35.618638080000494,139.77701642300053,211783385560749_278457292260042
tokyoall,-7.8801989259995935,112.3904981440005,211783385560749_978318038907276
tolire lake,0.8166698320004571,127.29999710700054,67558139928_10150577801539929$$67558139928_10150141916769929
tomakomai,42.6369397900005,141.6033278600006,211783385560749_639838869421863
tomia island festival,,,67558139928_10154773768084929
tomini bay,-0.8878059159995928,122.1022158470006,67558139928_10152671753714929
tomizaki jinja shrine,35.14679195000048,140.3155376360006,211783385560749_613795302026220
tomohon,1.3345963720004193,124.83919697300053,67558139928_10154402133374929$$67558139928_10154365941799929
tomok,36.43519862000045,127.60249626400059,67558139928_10154411500274929
tomorrowland,35.632924312000455,139.8784464220006,114979501871035_1216048058430835
tondabayashi city,34.49999684500045,135.59999658300057,211783385560749_726679897404426
tondabayashi jinaicho,,,211783385560749_726679897404426
tondabayashi sta,34.504491946000485,135.60096849700062,211783385560749_726679897404426
tondano lake,1.2330988790004085,124.90009906900059,67558139928_10153600766779929
tondo,11.983328927000457,-9.149998609999557,240054519398747_524580550946141
tondol,16.310396952000474,120.01309623100053,240054519398747_985724398165085
tongdosa,37.20079668200049,128.14999868000052,340785907491_10152320454492492
tongdosa temple more,,,340785907491_10152228721437492
tongo,-19.999999440999602,-174.99999843399976,144113158937441_982247031790712
tongyeong,37.300827306000485,127.7419388900006,340785907491_10153272625137492
tonkotsu kazan,1.2913957060004577,103.84520743500053,225524117535380_1163643773723405
too much city sydney,,,225524117535380_1133860173368432
toraja,-7.086199383999599,113.28789851100055,67558139928_10150599111244929$$67558139928_10150128854229929
toranomon hills,41.55424045973052,-91.53541576492484,211783385560749_704764712929278
torigoe jinja taireisai,,,211783385560749_665894310149652
toronto,43.7001099470005,-79.41629882799964,1647170365552546_1750304348572480$$240054519398747_607882385949290$$240054519398747_606055336131995$$240054519398747_605758012828394
torosiaje village,46.0461584620445,-118.3524666828904,67558139928_10152735677749929
toseong station,54.72009006900049,-1.370160119999582,340785907491_10153130382797492
tottori,35.36785733300047,133.8508083020006,211783385560749_932704326801981$$211783385560749_897339523671795$$211783385560749_524610397611378$$211783385560749_372300739509012
tottori city,34.24999903000048,134.68332892600063,211783385560749_372300739509012
tottori dunes,35.50077553800048,133.75908844100059,211783385560749_374821965923556
tottori prefecture,,,211783385560749_1169019639837114$$211783385560749_932704326801981
tottori prefecture mt iwaki,,,211783385560749_813639198708495
touch korea,,,340785907491_282288055142827$$340785907491_235774243104780$$340785907491_214992095190969
towner road,1.320976081000424,103.86254889700052,225524117535380_1139372596150523
toyama,36.63925551200049,137.26512782300063,211783385560749_717439448328471$$211783385560749_716005011805248
toyama bay,36.845395720000454,137.1860023440006,211783385560749_897339523671795$$211783385560749_459213750817710
toyama pref,36.70710499100045,137.09745470200062,211783385560749_459213750817710
toyama prefecture,48.32273984800048,-1.755369893999557,211783385560749_897339523671795$$211783385560749_815836431822105$$211783385560749_757408124331603$$211783385560749_716005011805248
toyooka,35.53332565000045,134.8333276160006,211783385560749_799396876799394
toyooka city,35.53332565000045,134.8333276160006,211783385560749_453045504767868
trade hall,-31.94954856299961,115.86263753400056,114979501871035_141313039235680
trade tower,21.42218634200043,39.849469781000494,340785907491_383407257491
trampoline park,41.98791738300048,-88.32980986199965,225524117535380_1198039663617149$$225524117535380_1135802483174201$$225524117535380_1070974042990379
transsiberia,-11.999538384999596,-77.05800859799967,225524117535380_1322548364499611$$225524117535380_1104149613006155
travel malaysia,3.0525484250004524,101.44594834100053,107026329336542_388106314561874
trengganu,5.330196811000462,103.14079944300056,225524117535380_1262547700499678
tres reyes islands,13.240116902000466,121.83710837200056,240054519398747_817142241689969$$240054519398747_417822118288652
triboa bay mangrove park,,,240054519398747_491534020917461
trinidad,10.999999685000432,-60.99999555199963,240054519398747_472591096145087
trinidad  tobago,10.999999685000432,-60.99999555199963,144113158937441_1255213184494094
triton bay,76.60170782900053,-92.38425607899967,67558139928_10152996337534929
triwindu antique market,,,67558139928_10154357438029929
tsim sha tsui,22.28332892700047,114.16666603100055,114979501871035_1122967501072225$$114979501871035_1100776509957991$$114979501871035_1086305698071739$$114979501871035_961488060553504$$114979501871035_960530250649285$$114979501871035_920037538031890$$114979501871035_665138973521749$$114979501871035_622450754457238$$114979501871035_559799270722387$$114979501871035_534287409940240$$114979501871035_531689866866661$$114979501871035_521164091252572$$114979501871035_540755539289202$$114979501871035_473004339401881$$114979501871035_446266358742346$$114979501871035_334746809940548$$114979501871035_113352295455585$$114979501871035_313093908726259$$114979501871035_202487786469145$$114979501871035_180112725357712$$297751913699970_557005591107933
tsim sha tsui east,22.299329507000436,114.17748307100055,114979501871035_202487786469145
tsim sha tsui promenade,22.29664324500044,114.17745607400059,114979501871035_788844681151177$$114979501871035_687381067964206$$114979501871035_513706091998372
tsim sha tsui star ferry concourse visitor centre,,,114979501871035_824366334265678
tsugaru,40.80356848000048,140.40298737600062,211783385560749_1078629072209505
tsukiji,35.08332958200049,136.88332770300053,211783385560749_862943373778077
tsukiji area,23.40421966700046,84.6283298560005,211783385560749_862943373778077
tsukiji market,35.66276566400046,139.76961458000062,211783385560749_361736567235126
tsukimi,45.475746881000475,9.195138981000412,211783385560749_918694738202940
tsukurimon,,,211783385560749_716005011805248
tsurugaoka hachimangu shrine,35.32486364800047,139.55607252900063,211783385560749_469479866457765
tsuruoka city,38.721666223000454,139.82166596100058,211783385560749_922307827841631
tsushima,35.166666687000486,136.71666699200057,340785907491_10153173172772492
tsuta singapore,1.3579615300004093,103.81025180200055,225524117535380_1189591224461993
tsuwano city,34.46666830300046,131.76666974400052,211783385560749_850488835023531
tsuyu,-26.022076054999616,28.01528592100044,211783385560749_892055610866853$$211783385560749_679189172153499
ttangkkeut village,46.0461584620445,-118.3524666828904,340785907491_10152781924127492
tteok,31.03638869900044,31.365036172000487,340785907491_10150329478732492
tteokbokki,18.80854827100046,98.95603579000056,225524117535380_1161580877263028$$225524117535380_961630410591410$$225524117535380_937622386325546
tuangku,2.8858292190004136,97.48416690100055,67558139928_10153563698784929
tuasan falls,60.41903703513219,-149.37041716721788,240054519398747_667554273315434
tubbataha,8.849995972000443,119.93332731000055,240054519398747_824995764237950$$240054519398747_798211823583011$$240054519398747_716823915055136$$240054519398747_702326236504904$$240054519398747_693722780698583$$240054519398747_527058547365008$$240054519398747_511622952241901
tubbataha reef,8.849995972000443,119.93332731000055,240054519398747_981037255300466$$240054519398747_833826370021556$$240054519398747_824995764237950$$240054519398747_798211823583011$$240054519398747_765911633479697$$240054519398747_726831430721051$$240054519398747_716823915055136$$240054519398747_702326236504904$$240054519398747_693722780698583$$240054519398747_527058547365008$$240054519398747_511622952241901
tuguegarao,17.613058356000465,121.72693564900055,240054519398747_707703949300466$$240054519398747_716436105093917$$240054519398747_707703949300466$$240054519398747_515881851816011
tuka marine park,32.779163279462864,-97.34510578560275,240054519398747_856640561073470
tukangbesi,-5.6666698499995505,123.83332923200055,67558139928_10152938634829929
tukbaeki,,,340785907491_10151316817042492
tulip,33.80815623800049,-96.13136606899968,211783385560749_619185441487206
tulipmania,,,225524117535380_1042989795788804$$225524117535380_1042942839126833
tumalog falls,60.41903703513219,-149.37041716721788,240054519398747_960907100646815$$240054519398747_859491794121680$$240054519398747_717223528348508
tumblr,28.33789715700044,80.4923967140005,240054519398747_740352546035606
tuna capital of the philippines,,,240054519398747_713852422018952
tunda island,1.4683964990004483,103.23649695100056,67558139928_10152845269424929
tung lo wan garden,22.282725980000464,114.18546986300055,114979501871035_540175602684754
tung lo wan road,,,114979501871035_702013063167673
tung street,22.326156126000456,114.15918769500058,114979501871035_694426200593026
tungabhadra,15.348166338000453,75.15038975300052,144113158937441_890817090933707
tunku abdul rahman marine park,,,1647170365552546_1710481722554743$$107026329336542_738831639489338
tupi,6.334435697000458,124.95277589500051,240054519398747_616453178425544
turf club road,1.336589449000428,103.79196958500052,225524117535380_1014808171940300$$225524117535380_946795918741526
turkey,39.05900578900048,34.911549462000494,225524117535380_1156361494451633$$106311692724981_1255764354446370$$106311692724981_998527036836771$$106311692724981_998518426837632$$106311692724981_962033233819485$$106311692724981_916646378358171$$106311692724981_845931218763021$$106311692724981_841228135899996$$106311692724981_839609179395225$$106311692724981_819626678060142$$106311692724981_812694675420009$$106311692724981_796259530396857$$106311692724981_783074228382054$$106311692724981_758193457536798$$106311692724981_735723676450443
turkey ham,36.41968335700045,36.250655279000455,225524117535380_1110762322344884
tutuban,12.571597725000458,123.71539919700058,240054519398747_524580550946141
tutuban mall,14.606866119000472,120.97229861400058,240054519398747_524580550946141
tuvalu,1.4209977050004454,172.9839932070006,144113158937441_982247031790712
uae,23.99999859300044,53.9999985930005,144113158937441_982247031790712
ubud,-8.50979655699956,115.26539653200052,67558139928_10155046324849929$$67558139928_10154599811819929$$67558139928_10154498205279929$$67558139928_10153643087319929$$67558139928_10153020537244929$$67558139928_10152776051409929$$67558139928_10151637545749567$$67558139928_10151269851769929$$67558139928_210764879019896$$67558139928_10150382311494929$$67558139928_10150382152964929$$67558139928_425277384928
ubud bali,-8.50979655699956,115.26539653200052,67558139928_10155046324849929
ubud market,-8.46621792399958,115.24831604800056,67558139928_10150444666404929
uc centenary garden,22.299208017000467,114.17582721800056,114979501871035_163337147065582
udaipur,24.57116890800046,73.69182618200051,144113158937441_1486325718049505$$144113158937441_1411909025491175
udaipur palace or city palace,,,144113158937441_1367656786583066
udo island,7.388998118000416,151.7084996490006,340785907491_10151509453432492
ueno,34.74999916100046,136.13332975600053,211783385560749_866135603458854
ueno park,34.857580114000484,133.02353421300052,211783385560749_678692458869837
uesugi shrine,37.90784594000047,140.10289550500056,211783385560749_807380699334345
ugai,6.694718727000463,159.7523863510006,67558139928_10152960157029929
uiam river,26.06528832300046,92.27528962500054,340785907491_10151188466452492
uiamho lake,32.34569429985311,-89.32582739911442,340785907491_10153575149937492
ujeon beach,46.91930712762297,-104.00611586725273,340785907491_207042722667492
ujjain,23.183325563000437,75.76666856500049,144113158937441_1301757306506348
ujjayini,10.958958827000458,76.95424818200053,144113158937441_1163167617031985
ujung genteng,-7.383326017999593,106.39999972900057,67558139928_10150136004949929
ujung kulon,5.043797226000436,97.2946977140005,67558139928_10150225321079929
ujung kulon national park,,,67558139928_10154931699294929$$67558139928_10150267073264929$$67558139928_10150267064774929$$67558139928_10150189697154929$$67558139928_182475825138650$$433618953473105_461753300659670
ujung kulon national park who,,,433618953473105_461753300659670
uk,54.75843665400049,-2.6953078859995685,114979501871035_584963638205950$$225524117535380_1310723165682131$$225524117535380_1265471393540642$$225524117535380_1230847790336336$$225524117535380_1138129132941536$$225524117535380_780084018746051$$225524117535380_735680379853082$$67558139928_123034967852097$$240054519398747_1145617408842449$$240054519398747_1090450661025791$$240054519398747_1071166856287505$$240054519398747_1053202764750581$$240054519398747_873909466013246$$240054519398747_839271146143745$$240054519398747_700081520062709$$240054519398747_662089653861896$$240054519398747_642149795855882$$240054519398747_10152150431987319$$240054519398747_538360029568193$$240054519398747_320610251393424$$240054519398747_416380221766175$$240054519398747_10152268529580338$$340785907491_10153383563192492$$340785907491_203442013020459$$340785907491_200764659957519$$211783385560749_935018683237212
ukraine,48.999996146000456,31.99999732700047,144113158937441_982247031790712
ulot river,11.983328927000457,125.44999977200052,240054519398747_847944801943046
ulsan,35.537217805000466,129.31666865200054,340785907491_10154249698362492$$340785907491_10153362229662492$$340785907491_10152358441822492$$340785907491_10151702601707492$$340785907491_10151294605377492
ulsan photo,,,340785907491_10152033754567492
ultimate drive,46.82332794992607,-96.79874601571532,225524117535380_560512237369898$$225524117535380_459811737439949
ultimate drive singapore,,,225524117535380_560512237369898
ultra korea,36.575577163000446,10.859208315000444,340785907491_10152406557372492
umananda island,50.45650034300047,-96.57192084399969,144113158937441_1550267258322017
umang island,8.749996846000442,150.33999558700054,67558139928_10150501512969929$$67558139928_428443824928
umariarewa,,,144113158937441_1196816623667084
underground parthenon,35.95349153890447,-93.24172806969392,211783385560749_821408321264916
underground river,41.00015603500049,-121.75665963499972,240054519398747_767869416617252$$240054519398747_546886528715543$$240054519398747_529646663772863
ungilsan station,54.72009006900049,-1.370160119999582,340785907491_419880387491
unhyeongung,,,340785907491_10152288944132492$$340785907491_10151688602847492
united kingdom,54.75843665400049,-2.6953078859995685,225524117535380_1319658081455306$$240054519398747_1053202764750581$$240054519398747_939365476134311
united states,39.75999858400047,-98.49999638099968,67558139928_10154619921709929$$240054519398747_1008069892597202$$240054519398747_525516230852573$$240054519398747_489293711141492$$297751913699970_325924500882711
unjoru house,34.64960357984239,-103.90050720684138,340785907491_10150971225682492
upper dharamshala,32.24882860900044,76.30661615100053,144113158937441_1209316425750437
upper thomson,1.3502459840004235,103.83576727300056,225524117535380_945002878920830
uriage,2.0333258690004072,42.96666716800047,225524117535380_1182350838519365$$225524117535380_1178443895576726
uruguay,-32.99999834899961,-55.999998740999615,340785907491_409400192491
urumqi,43.80095949800045,87.60045646000054,297751913699970_599083033566855$$297751913699970_405852622889898
us,39.75999858400047,-98.49999638099968,114979501871035_1024305440938432$$114979501871035_564578746911106$$114979501871035_405444799472311$$225524117535380_1304367066317741$$225524117535380_1297246863696428$$225524117535380_1273288536092261$$225524117535380_1189624584458657$$225524117535380_1045235435564240$$225524117535380_971561706264947$$225524117535380_877932795627839$$240054519398747_1085146034889587$$240054519398747_1014718931932298$$240054519398747_869949059742620$$240054519398747_862656547138538$$240054519398747_838979386172921$$240054519398747_811136138957246$$240054519398747_770263626377831$$240054519398747_764649433605917$$240054519398747_759065554164305$$240054519398747_703274896410038$$240054519398747_647764821961046$$240054519398747_606623616075167$$240054519398747_569027449834784$$240054519398747_505661172838079$$240054519398747_492890880781775$$240054519398747_489293711141492$$240054519398747_489921697745360$$240054519398747_488133697924160$$240054519398747_469019043130863$$240054519398747_382512398486291$$340785907491_10151672646167492$$340785907491_227732660660349$$340785907491_110797432306191
usa,39.75999858400047,-98.49999638099968,114979501871035_550610364974611$$114979501871035_506868022682179$$144113158937441_982247031790712$$67558139928_10154383946549929$$67558139928_10153042882899929$$240054519398747_849740181763508$$240054519398747_606208692783326$$240054519398747_479043492166514$$340785907491_203442013020459$$340785907491_200764659957519$$297751913699970_679734522168372$$297751913699970_666291620179329$$297751913699970_651508658324292$$297751913699970_637160783092413$$211783385560749_935018683237212
utoro,44.06994562800048,144.9941279680006,211783385560749_530509650354786
utsunomiya,36.56582652800046,139.88360746400053,211783385560749_902405676498513
uttara kannada,14.883326087000455,74.58332757200048,144113158937441_1103451413003606
uttarakhand,30.249997981000433,79.24999846200052,144113158937441_1514859811862762$$144113158937441_1185068071508606$$144113158937441_1123409467674467$$144113158937441_1093555627326518
vadodara,22.299999947000458,73.19999732600053,144113158937441_1492416387440438$$144113158937441_1428733547142056
vaishali,25.749996802000453,85.41666974500055,144113158937441_1065225176826230
valencia,39.46974734000048,-0.37738807299956534,225524117535380_1255507497870365$$240054519398747_726366887434172$$240054519398747_622187211185474
valley,32.818739037000455,-85.17938742399969,67558139928_10153596103109929
varanasi,25.31667625400047,83.01041827000051,144113158937441_1135138376501576$$144113158937441_1111227612225986
varkala,8.734099756000433,76.70670714800053,144113158937441_1405391592809585
varkala beach,46.91930712762297,-104.00611586725273,144113158937441_1223324801016266
vendville,50.57692621300049,3.078696741000442,107026329336542_1094312250607940
venice,33.990835527000456,-118.46007666599968,114979501871035_526584987377149$$225524117535380_1199751276779321$$225524117535380_909639195790532$$225524117535380_506885692732553$$1647170365552546_1853919981544249$$144113158937441_1411909025491175$$144113158937441_1196813057000774$$240054519398747_779885915415602$$240054519398747_644040139000181$$297751913699970_776313969177093$$297751913699970_715984565210034
verde island,42.74423726900045,-73.69150633399965,240054519398747_554587851278744
verniece,41.423329984000475,20.52721689700047,240054519398747_867040530033473
versailles,48.80341759000049,2.125519324000436,340785907491_10152813229472492
viceregal lodge,33.07140429427386,-80.94164674969693,144113158937441_1094496267232454
victoria,48.43293846600051,-123.36929853199968,114979501871035_620419937993653$$114979501871035_618027701566210
victoria cruises,46.16680905700048,-62.69865781599964,297751913699970_585680128240479
victoria harbor,44.73570655000049,-79.76964797299968,225524117535380_1122388217848961
victoria harbour,44.73570655000049,-79.76964797299968,114979501871035_1342054285830211$$114979501871035_1186772134691761$$114979501871035_1070724569629852$$114979501871035_1068885556480420$$114979501871035_1052571278111848$$114979501871035_1023413191027657$$114979501871035_971204192915224$$114979501871035_954932664542377$$114979501871035_940992235936420$$114979501871035_899693916732919$$114979501871035_800076890027956$$114979501871035_769468653088780$$114979501871035_767773056591673$$114979501871035_658532444182402$$114979501871035_617650148270632$$114979501871035_613988141970166$$114979501871035_601377019897945$$114979501871035_571579672877680$$114979501871035_559799270722387$$114979501871035_533025283399786$$114979501871035_526180724084242$$114979501871035_523724927663155$$114979501871035_514359945266320$$114979501871035_509827749052873$$114979501871035_490505100985138$$114979501871035_462837473751439$$114979501871035_449559251746390$$114979501871035_437434226292226$$114979501871035_404087639626885$$114979501871035_401185633260238$$114979501871035_460491773977803$$114979501871035_359512487417734$$114979501871035_359512134084436$$114979501871035_297995773569406$$114979501871035_275356162500034$$114979501871035_229100793816056$$114979501871035_206332299433799$$114979501871035_132502336838844$$114979501871035_124302307640439$$114979501871035_150243585012375
victoria memorial,51.50202612100048,-0.14005663299957405,144113158937441_1498208683527875
victoria park,1.3202786430004494,103.80221825000052,114979501871035_614454235256890$$114979501871035_540175602684754$$114979501871035_365100276901924$$114979501871035_328335577215266$$114979501871035_244149035620747
victoria park road,52.127335633000484,-2.3133592789995987,114979501871035_540175602684754
victoria st,14.642349971000442,121.09453926600054,225524117535380_1069247783163005
victoria street,44.19165982800047,-76.43816610099964,225524117535380_1300978836656564$$225524117535380_1278651058889342$$225524117535380_1253181311436317$$225524117535380_1098016160286167
victoria theatre,37.76506911000047,-122.41887937099972,225524117535380_1294061167348331
vidisha,23.524345801000436,77.80971677000053,144113158937441_1163167617031985
vieques,18.424948311000435,-65.83293568699963,240054519398747_759065040831023
vietnam,16.166666206000457,107.83332953800056,114979501871035_652638074771839$$114979501871035_648808361821477$$114979501871035_420084338027215$$225524117535380_1311745925579855$$225524117535380_1307360442685070$$225524117535380_1145152658905850$$225524117535380_1117110125043437$$225524117535380_1029458657141918$$225524117535380_1025196290901488$$225524117535380_1010323779055406$$225524117535380_955647274523057$$225524117535380_922159024538549$$1647170365552546_1871889609747286$$1647170365552546_1865784683691112$$1647170365552546_1855861824683398$$1647170365552546_1852491011687146$$1647170365552546_1851050325164548$$1647170365552546_1821549748114606$$1647170365552546_1821128084823439$$144113158937441_982247031790712$$67558139928_352416188131163$$240054519398747_493687934035403
viga,13.871896839000442,124.3090990130006,240054519398747_863224637081729
vigan,17.574717259000465,120.38693655800057,240054519398747_987085598028965$$240054519398747_951510764919782$$240054519398747_802502386487288$$240054519398747_770633273007533$$240054519398747_764134466990747$$240054519398747_764046220332905$$240054519398747_763176663753194$$240054519398747_763022210435306$$240054519398747_762136497190544$$240054519398747_762136163857244$$240054519398747_760992090638318$$240054519398747_760990977305096$$240054519398747_760807660656761$$240054519398747_729231203814407$$240054519398747_724921567578704$$240054519398747_715818988488962$$240054519398747_712504878820373$$240054519398747_710980115639516$$240054519398747_708023879268473$$240054519398747_671819436222251$$240054519398747_669117366492458$$240054519398747_647033438700851$$240054519398747_646858145385047$$240054519398747_629066677164194$$240054519398747_10152198046862319$$240054519398747_550514791686050
vigan city,17.574717259000465,120.38693655800057,240054519398747_802502386487288$$240054519398747_766573383413522$$240054519398747_764348376969356$$240054519398747_764344893636371$$240054519398747_763175917086602$$240054519398747_760992090638318$$240054519398747_760726137331580$$240054519398747_760363220701205$$240054519398747_760362107367983$$240054519398747_759857460751781$$240054519398747_759340424136818$$240054519398747_759339787470215$$240054519398747_759315940805933$$240054519398747_749403908463803$$240054519398747_728010290603165$$240054519398747_726728044064723$$240054519398747_724921567578704$$240054519398747_720707714666756$$240054519398747_714358755301652$$240054519398747_711327078938153$$240054519398747_707704989300362$$240054519398747_705602379510623$$240054519398747_678450415559153$$240054519398747_646858145385047
vijayanagara empire,37.63827310352201,-120.90275912383379,144113158937441_890817090933707
vikramshila gangetic dolphin sanctuary,25.265929757000436,87.02227576700051,144113158937441_1535087143173362
villa escudero,13.991226250000466,121.33211818400059,240054519398747_1111848362219354
villa tortuga,-22.763667698999598,-41.898718058999634,240054519398747_542953815775481
villamor airbase,14.524158959000431,121.02438599200059,240054519398747_790685874335606
vimalsha,9.445437134000429,77.8051856720005,144113158937441_963082097040539
vindhya mountain range,24.616668871000456,81.99999693300049,144113158937441_1196816623667084
virac,13.584799815000451,124.23739787600061,240054519398747_850953748308818$$240054519398747_473893436014853
virgin island,16.766669963000425,-62.216669586999615,240054519398747_833821600022033$$240054519398747_793128537424673$$240054519398747_722056627865198$$240054519398747_722056627865198$$240054519398747_627119504025578$$240054519398747_535902629813933
visakhapatnam,17.690037525000434,83.20924662700054,144113158937441_1624951267520282
visayan sea,11.557779189000428,123.8522185560006,240054519398747_480703772000486
visayas,10.999999685000432,123.49999881100052,240054519398747_1132373510166839$$240054519398747_1018570558213802$$240054519398747_897087833695409$$240054519398747_876412829096243$$240054519398747_869366923134167$$240054519398747_808254152578778$$240054519398747_802914799779380$$240054519398747_793128537424673$$240054519398747_740987145972146$$240054519398747_787887464615447$$240054519398747_781008995303294$$240054519398747_770263989711128$$240054519398747_746661818738012$$240054519398747_746051232132404$$240054519398747_740987145972146$$240054519398747_736886626382198$$240054519398747_724564140947780$$240054519398747_715313881872806$$240054519398747_639978312739697$$240054519398747_618417984895730$$240054519398747_491055260965337$$240054519398747_677869542283907$$240054519398747_666423950095133$$240054519398747_656476164423245$$240054519398747_655190581218470$$240054519398747_639978312739697$$240054519398747_627119504025578$$240054519398747_625370407533821$$240054519398747_618417984895730$$240054519398747_608539012550294$$240054519398747_599250386812490$$240054519398747_538352939568902$$240054519398747_535902629813933$$240054519398747_529865810417615$$240054519398747_516631738407689$$240054519398747_502288739841989$$240054519398747_491055260965337$$240054519398747_469183089819221$$240054519398747_513425232019717
vishwamitri river,41.15948057716798,-87.59299622849238,144113158937441_1492416387440438
visit korea,,,340785907491_10151980997307492$$340785907491_10151167443582492$$340785907491_383084675096794$$340785907491_10150358047937492$$340785907491_10150280182197492$$340785907491_175454602514994$$340785907491_197004403674678$$340785907491_197375706956532
visit the philippines,,,240054519398747_788529247884602$$240054519398747_787593061311554$$240054519398747_762135350523992
visitkorea,,,340785907491_10153198677847492
vitamin sea,55.65698891900047,37.596465708000494,240054519398747_1047231148681076$$240054519398747_871530659584460
vivekananda rock memorial,8.077846491000457,77.55527784800051,144113158937441_1396189313729813$$144113158937441_1346387035376708
vivocity,22.28023770100043,70.7757159520005,225524117535380_1077829762304807
vogue india,22.743386102000443,72.45061582500051,240054519398747_1079403555463835
vrindavan,27.578229568000438,77.6980591780005,144113158937441_1111154248899989
wadaiko,-7.131937824999568,111.00610599300057,211783385560749_1056137894458623
wae rebo,-8.813699588999555,120.31149625200055,67558139928_10155104246989929
waehang,35.657775607000474,129.05943997800057,340785907491_10152451997342492
wagah,30.029679532000443,72.79503776100051,144113158937441_1274948545853891
wagasa,1.5173476560004246,31.32182650600049,211783385560749_867346026671145
wagashi,19.886765092000473,99.83442534400052,211783385560749_860403004032114
waigeo,24.67110954000043,118.68888623900057,67558139928_10153619839099929$$67558139928_10153591771439929$$67558139928_10152008389639929$$67558139928_10150565159239929
waikabubak,-9.64749809999961,119.38889812100058,67558139928_10153746876094929$$67558139928_10153743029964929$$67558139928_10152994672329929
waikabubak city,-9.64749809999961,119.38889812100058,67558139928_10152994672329929
waikabubak sumba,-9.632349761999592,119.41304969900057,67558139928_397010729928
wajima,37.3999985050005,136.89999872400062,211783385560749_883307221741692$$211783385560749_690720324333717$$211783385560749_626390734100010
wajima city,37.3999985050005,136.89999872400062,211783385560749_690720324333717
wakatobi,-3.966828689999602,122.52772958800051,67558139928_10154773768084929$$67558139928_10154553153194929
wakatobi marine park,32.779163279462864,-97.34510578560275,67558139928_10153678642019929$$67558139928_10150142732189929
wakatobi national marine park,,,67558139928_10150588725349929
wakatobi national park,31.359879859000444,75.54165009000053,67558139928_10153616901849929
wakatobi national park wonderfulindonesia,,,67558139928_10153512098649929
wakayama,33.91457629400048,135.51111597000056,211783385560749_1175400875865657$$211783385560749_698963963509353$$211783385560749_613795302026220$$211783385560749_379862778752808
wakayama prefecture,48.32273984800048,-1.755369893999557,211783385560749_711320655607017
waktobi district,38.86218211821125,-76.88244639738252,67558139928_10152938634829929
wales,52.49999706400047,-3.4999984789996006,114979501871035_1030299190339057$$240054519398747_826584684079058$$240054519398747_826099654127561
walkerhill,39.107048025000495,-76.88885960799968,340785907491_104544122967407
wallstreet,40.03886583800045,-105.3908289039997,240054519398747_946392548764937
wamena,12.033328490000429,-3.2166676209996012,67558139928_10153596103109929
wamena highlands,29.81892429252315,-95.053488988825,67558139928_10152790908214929
wampasi,18.849998593000464,-71.91666582999966,67558139928_10153400017759929
wan chai,22.277015987000425,114.17231753000056,114979501871035_1259259744109666$$114979501871035_632261613476152$$114979501871035_591923204176660$$114979501871035_507166339319014
wanchai,19.35848947100044,98.44075051500056,114979501871035_839734442728867$$114979501871035_130176210329901
wando island,42.128147440000475,-73.91762926799964,340785907491_207042722667492
wangi beach,-16.3603004189996,145.41104948000054,67558139928_10154924572839929
wangsimni station,54.72009006900049,-1.370160119999582,340785907491_419880387491
was korea,,,340785907491_170228376359365
washington,38.89510783300045,-77.03636551799963,240054519398747_648285341908994
washington dc,38.89510783300045,-77.03636551799963,240054519398747_801749193229274
washington saint,38.90203721800049,-77.03651850499966,240054519398747_1055229371214587
washo market,24.62133945600044,46.703347083000494,211783385560749_1151374351601643
washoku,-37.681819393999604,144.91830969600062,211783385560749_578461878892896
waterbom bali,-8.72872912899959,115.16892959200061,225524117535380_1176260205795095$$225524117535380_964995903588194$$1647170365552546_1827098204226427
waterloo,43.46679665100049,-80.51638820899967,240054519398747_1071166856287505
waterloo station,53.25209632400049,-3.5953270199995586,240054519398747_1113801888690668$$240054519398747_1069909449746579$$240054519398747_1053202764750581
waterway point,32.93180347105442,-95.87120811186412,225524117535380_995217517232699
way kambas national park,,,67558139928_10153697490714929$$67558139928_10152829384994929$$67558139928_10150366626269929
way kambas river,,,67558139928_10153697490714929
wayag,32.84230794500047,65.01733843800048,67558139928_10153616312579929$$433618953473105_556879377813728
wayag island,-0.2601791109995588,34.40191568500046,67558139928_10153785893674929$$67558139928_10153768971499929$$67558139928_10152626470979929$$67558139928_10151351937289929
wayag lagoon beach,43.66004292004584,-83.89747555844946,67558139928_10150099907104929
we hotel,-33.42853582099963,-70.60510871399964,340785907491_10152166291602492
weh island,-10.726736329999596,150.23281959700057,67558139928_10152836933099929$$67558139928_317076358340661$$67558139928_10150337486039929$$67558139928_10150337331074929$$67558139928_10150329214709929$$67558139928_392728959928
weinfelden,47.56666633700047,9.09999942400043,240054519398747_951556241581901
west,31.802378226000485,-97.0916663539997,114979501871035_1326137760755197$$114979501871035_414885711880411$$114979501871035_253835541359571$$114979501871035_304473926276079$$225524117535380_1321599064594541$$225524117535380_1286337884787326$$225524117535380_1265471393540642$$225524117535380_1242961219124993$$225524117535380_1177125669041882$$225524117535380_1138129132941536$$225524117535380_1119217958165987$$225524117535380_1110140122407104$$225524117535380_1071684612919322$$225524117535380_998003006954150$$225524117535380_965011180253333$$225524117535380_905278602893258$$225524117535380_883618991725886$$225524117535380_878883988866053$$225524117535380_829371127150673$$144113158937441_1156623694353044$$240054519398747_1158189720918551$$240054519398747_1015440335193491$$297751913699970_363551103786717
west bali,-8.677397683999573,115.1515791320005,67558139928_10153766921229929
west bali national park,,,67558139928_10154724501969929$$67558139928_10150256518474929
west balis,-8.555229024999562,115.25234769000053,67558139928_10152805565554929
west bandung,-6.833326322999596,107.48332809600055,67558139928_10150254933039929$$67558139928_494319639928
west bengal,23.99999859300044,87.99999850600051,144113158937441_1603791449636264$$144113158937441_1443403095675101$$144113158937441_1240760252606054$$144113158937441_1223332407682172$$144113158937441_943547175660698$$144113158937441_308244389190983
west edmonton mall,53.5213389320005,-113.6232893729997,240054519398747_10153357247760077
west gate,38.78288779100046,-77.49748909899967,340785907491_10151759569227492
west jaintia hills district of meghalaya,25.590703423000434,92.32369991300055,144113158937441_1558918357456907
west japan,33.58988960600044,130.41254190700056,211783385560749_952269011512179
west java,-6.7499982179995754,107.49999911700053,67558139928_10153752594674929$$67558139928_10153582919264929$$67558139928_10153575248624929$$67558139928_280066232080930$$67558139928_10150480486139929$$67558139928_10150480435824929$$67558139928_10150478564874929$$67558139928_10150440380594929$$67558139928_10150412243534929$$67558139928_10150399667584929$$67558139928_10150338892164929$$67558139928_10150327928034929$$67558139928_10150257830324929$$67558139928_211612242191391$$67558139928_426332749928$$67558139928_417473214928$$67558139928_415003069928$$67558139928_394454949928$$67558139928_392444924928$$433618953473105_591271517707847$$433618953473105_565428596958806$$433618953473105_555096364658696$$433618953473105_554479551387044$$433618953473105_527853587382974$$433618953473105_520273281474338$$433618953473105_514079538760379$$433618953473105_513934018774931
west kalimantan,-3.1979995469555433e-06,110.49999990300057,67558139928_10153774313519929$$67558139928_10153493267634929$$67558139928_10152642265274929$$67558139928_10151526931684929$$67558139928_10150596202499929$$67558139928_10150562945089929
west kowloon,22.33303601600045,114.15073744500057,114979501871035_703109713058008$$114979501871035_445583718810610$$114979501871035_444974968871485$$114979501871035_174350789267239
west kowloon bamboo theatre,,,114979501871035_105162806335445
west kowloon cultural district,,,114979501871035_514733125229002
west kowloon waterfront promenade,22.301003358000457,114.15542602900052,114979501871035_576489045720076$$114979501871035_169690599788475$$114979501871035_252294878155328
west lake,30.025755880000474,-90.00423727699967,297751913699970_776285232513300$$297751913699970_755378654603958
west nusa tengara,,,67558139928_10150615734259929
west nusa tenggara province,,,67558139928_10153563706939929$$67558139928_10153550263094929$$67558139928_10153000554119929
west nusatenggara,,,67558139928_10150320030504929
west papua,-0.8653079129995831,134.06117813400056,67558139928_10153785893674929$$67558139928_10153717718284929$$67558139928_10153618651389929$$67558139928_10153597096544929$$67558139928_10153591771439929$$67558139928_10151173344694929$$67558139928_10150371781329929$$67558139928_10150326698394929$$67558139928_10150281690189929$$67558139928_10150101912744929
west papua province,,,67558139928_10153768971499929$$67558139928_10152996337534929$$433618953473105_512194005615599
west philippine sea,13.480998527000452,144.73399705100053,240054519398747_148001828700320
west sea,-23.00084615199961,-43.38702848899959,340785907491_10155038516697492$$340785907491_10152222329872492
west side,42.11321776400047,-120.49356771899971,107026329336542_677849582254211
west sulawesi,-3.436799743999586,118.89608955300059,67558139928_10153409610794929$$67558139928_10152685688439929$$433618953473105_440662702768730
west sumatera,-0.9999989599995729,100.49999728200055,67558139928_10154646370159929$$67558139928_10153694109369929$$67558139928_10153578287614929$$67558139928_10153558880529929$$433618953473105_590363704465295
west sumatera province,,,67558139928_10153605643364929
west sumatra,-0.9999989599995729,100.49999728200055,67558139928_10154975461919929$$67558139928_10154392065559929$$67558139928_10154389426899929$$67558139928_10153420622864929$$67558139928_10152824274754929$$67558139928_10151652646069929$$67558139928_10150444385144929$$67558139928_10150345563909929$$67558139928_10150321390954929$$67558139928_10150232265239929$$67558139928_10150225996689929$$67558139928_217450154944059$$67558139928_10150142655369929
west sumatras,-0.9999989599995729,100.49999728200055,67558139928_10154370937549929$$67558139928_10151592807379929
west sumba,,,67558139928_10153746876094929$$67558139928_10153743029964929$$67558139928_10153638513484929
west sumbawa,-8.831017311999574,116.91572001300051,67558139928_394164969928
west village,35.56802657100047,-121.09963693699967,240054519398747_698433296894198
west worth crossing the country,,,225524117535380_905278602893258
western europe,48.574788378000505,8.920897317000424,240054519398747_692251634179031
western ghats,13.99999597200042,74.9999995980005,144113158937441_1209315915750488
western new guinea,,,67558139928_10153596103109929
western philippines,14.604287848000467,120.9796689600006,240054519398747_1006875979383260
western visayas,11.129997649000416,122.52999738700055,240054519398747_1086066644797526$$240054519398747_659408180796710
westgate mall,37.29383942600049,-121.98907750999967,225524117535380_683405151747272
westin singapore,1.278279370000405,103.85137638800052,225524117535380_1175312702556512
wheelchairs,-34.0448776279996,18.459987838000472,67558139928_10151890230484929
wheelock place,1.305465957000422,103.83096619900056,225524117535380_1265471893540592
white beach,27.24032755300044,-82.52620686199964,240054519398747_1018816548189203$$240054519398747_861544213916438$$240054519398747_755613417842852$$240054519398747_737876889616505$$240054519398747_714651018605759$$240054519398747_676898382381023$$240054519398747_639320869472108$$240054519398747_627989080605287$$240054519398747_620354681368727$$240054519398747_489455347791995$$240054519398747_484389371631926
white heron,36.284538489000454,-83.05599884899965,211783385560749_303711616367925
white heron castle,,,211783385560749_748126831926399
white house,38.89792908200047,-77.03642851299963,225524117535380_1046035612150889
white island,-77.28332723999966,-153.16666687699973,240054519398747_941881622549363$$240054519398747_782863725117821$$240054519398747_686787938058734$$240054519398747_673520149385513$$240054519398747_624543100949885
white peak,47.605758868000464,-116.0207171299997,240054519398747_450700501667480
white sand beach,26.219066678000445,119.99170962900052,240054519398747_448911241846406
whitley road,-33.43883990699959,151.4272476060006,225524117535380_933543003400151
wigan,53.533325868000475,-2.6166683639995654,240054519398747_797279073676286$$240054519398747_708019655935562$$240054519398747_516267851777411
wilhelmsfeld,49.47055988900047,8.753606662000436,240054519398747_1090207911050066
wilhemsfeld,49.47055988900047,8.753606662000436,240054519398747_1090207911050066
williamsburg,37.27069797900049,-76.70745820499963,240054519398747_1064678393603018
wilmington,34.225728183000456,-77.94470891399965,240054519398747_525083127531686
winaray,51.65311821400047,-3.188266141999577,240054519398747_856057387798454
wine cave,50.76847871500047,-1.8993060209995747,340785907491_10153336863652492
winningmarketing,1.4356979010004238,103.78648764600052,225524117535380_1193414587412990
winnipeg,49.8843971660005,-97.14703843999968,240054519398747_843292949074898
winterfest,52.740428728000495,11.24537754700043,114979501871035_128495417307780
wisma,42.2796894920005,-87.84509937399969,225524117535380_1103280909759692
wisma atria,1.3036886150004534,103.83276603900055,225524117535380_1285684231519358$$225524117535380_1222331947854587$$225524117535380_1199751276779321$$225524117535380_1149440568477059$$225524117535380_1086611468093303$$225524117535380_1086611468093303
wisma atria singapore,1.3036886150004534,103.83276603900055,225524117535380_1199751276779321
wolchulsan mountain,34.76555878000045,126.70305757800054,340785907491_10152967239532492$$340785907491_434460497491
wolchulsan mountain s gureum,,,340785907491_434500102491
wolmi amusement park,,,340785907491_10151470793522492
wolmido island,37.47416992400048,126.59721797000054,340785907491_10153526530492492
wonderful bali,-8.529399781999587,118.4595596760006,67558139928_10153414028399929
wonderfulindonesia lake toba,,,67558139928_10154411509294929$$67558139928_10154411500274929
wong tai sin temple,37.77714603800047,-122.46357840399969,114979501871035_313800995322217
wonhyodaegyo,,,340785907491_10151754488407492
wonju,37.32540862400049,-79.95323618099968,340785907491_10153510493172492$$340785907491_10152981647047492
wonosobo,-7.359995587999606,109.90249792400056,67558139928_10154954034444929$$67558139928_460220864001603$$67558139928_10150491596949929$$67558139928_10150096787269929
woodlands,30.15798564600044,-95.48937653699966,225524117535380_1286313454789769
woraksan,10.66172420300046,99.19731338000054,340785907491_10151056983687492
world  islands,25.080208737000476,-77.32077627999968,240054519398747_10152240588127319$$240054519398747_10153823848460077
world trade centre,6.933008581000422,79.84326631700054,114979501871035_166617236707261
wright park,47.257498772000474,-122.4500256069997,240054519398747_760498600687667
wujin district,38.86218211821125,-76.88244639738252,297751913699970_486731114802048
wulingyuan,29.349357902000463,110.54406899300056,297751913699970_633074653501026
wulong,31.18697683600044,99.37593852900056,297751913699970_549067271901765
wuzhen,34.95265667700045,109.75330916300055,297751913699970_776313969177093
wuzhou,23.483327441000426,111.31666843400058,297751913699970_621068588034966
wynad wildlife sanctuary,,,144113158937441_1127146240634123
wyndham,37.69847951900044,-77.61248989399968,240054519398747_973040592766799
xenia,39.684778759000494,-83.92964582299965,225524117535380_1267313233356458$$225524117535380_1259181570836291$$225524117535380_1251205094967272$$225524117535380_1241119185975863$$225524117535380_1233044790116636$$225524117535380_1201433773277738$$225524117535380_1180367585384357
xenia tan herbs bistro,,,225524117535380_1231651086922673
xian,34.258327791000454,108.92860884500055,114979501871035_550257175009930$$225524117535380_900515396702912$$225524117535380_712955728792214$$225524117535380_701331546621299$$297751913699970_834411800033976$$297751913699970_787716324703524$$297751913699970_707084039433420$$297751913699970_706362332838924$$297751913699970_686451938163297$$297751913699970_666695936805564$$297751913699970_664023720406119$$297751913699970_660643020744189$$297751913699970_648350758640082$$297751913699970_648010672007424$$297751913699970_640217052786786$$297751913699970_627375637404261$$297751913699970_613252705483221$$297751913699970_587867578021734$$297751913699970_507615119380314$$297751913699970_503845236423969$$297751913699970_492777820864044$$297751913699970_449393355202491$$297751913699970_397202223754938
xian ancient city wall,,,297751913699970_645371218938036
xiaomi,26.88332923200045,104.04166900200056,225524117535380_1118874751533641$$225524117535380_809213185833134
xiaoshi township,,,297751913699970_826722074136282
xinjiang,42.569166804000474,85.4561087450005,297751913699970_672389182902906$$297751913699970_623173127824512$$297751913699970_599083033566855$$297751913699970_405852622889898
xplosion,57.6992271950005,11.949326580000445,240054519398747_518911114846418
xxl sotong near farrer park mrt station with,,,225524117535380_1299137603507354
yabusame,34.22562019300045,129.3191344330006,211783385560749_643518069053943$$211783385560749_469479866457765
yahoo philippines,11.462698126000419,122.91489773200055,240054519398747_394850407252490
yakitori,37.70004987900046,-121.06799574499968,225524117535380_1209609312460184$$225524117535380_1094542207300229$$225524117535380_978664875554630
yakushima island,30.315417676000436,130.5118300960006,211783385560749_1068303379908741$$211783385560749_822436854495396
yamagata,38.45029980400045,140.09969628900058,211783385560749_1016811658391247$$211783385560749_646541012084982$$211783385560749_540293486043069$$211783385560749_500704213335330$$211783385560749_483061415099610$$211783385560749_403954223010330$$211783385560749_394368170635602$$211783385560749_253068014765619
yamagata pref,38.25429719700048,140.32962138600055,211783385560749_554622634610154
yamagata prefecture,,,211783385560749_1237916909614053$$211783385560749_1084282628310816$$211783385560749_922307827841631$$211783385560749_807380699334345$$211783385560749_782017241870691$$211783385560749_599969480075469$$211783385560749_554622634610154
yamagata prefecture akita prefecture guide,,,211783385560749_927476467324767
yamagata station,34.61022356400048,132.3193826980006,211783385560749_656117691127314
yamaguchi city,33.466668041000446,131.24999859300056,211783385560749_487434457995639
yamaguchi prefecture,48.32273984800048,-1.755369893999557,211783385560749_852858148119933$$211783385560749_804020839670331
yamanakako lake,35.41666900200045,138.86666620600056,211783385560749_432903433448742
yamanashi,35.61601931200045,138.6079976590006,211783385560749_1001531489919264$$211783385560749_755126567893092$$211783385560749_637835252955558$$211783385560749_629209833818100$$211783385560749_368760296529723
yamanashi pref,35.66017389400048,138.53941024600056,211783385560749_575293222543095$$211783385560749_375752119163874
yamanashi prefecture,48.32273984800048,-1.755369893999557,211783385560749_1290674024338341$$211783385560749_1149687881770290$$211783385560749_1056142647791481$$211783385560749_629209833818100$$211783385560749_432903433448742
yamanouchi town shigakogen highlands area,,,211783385560749_480210112051407
yamuna,25.423816246000456,81.88532910800052,144113158937441_1094981113850636
yamuna river,25.423816246000456,81.88532910800052,144113158937441_1111154248899989
yamunotri,19.41384805800044,72.82003754300052,144113158937441_1094981113850636
yanaka,35.71666638100049,139.76666734100058,211783385560749_945482805524133$$211783385560749_678692458869837
yanesen,,,211783385560749_623636954375388
yangdong village,46.0461584620445,-118.3524666828904,340785907491_10153291897452492$$340785907491_429369942491$$340785907491_138948676147222
yanghwa,35.73614965200045,127.30596807700056,340785907491_10153102169892492$$340785907491_10151612536002492
yangnyeong market,47.687989689074016,-122.21313786871696,340785907491_10151549628427492$$340785907491_10151409056217492
yangpyeong,37.48971604400049,127.49055969700055,340785907491_114523572009115
yangpyeong paragliding park,,,340785907491_10154290656567492
yangpyeonggun,37.499997632000486,127.58332796500054,340785907491_10151496967982492
yangtze,45.495977085000504,-73.63620624099963,297751913699970_492777820864044
yangtze alligator,34.083420234857044,-90.71249956680077,297751913699970_568467646628394
yangtze river,31.786665621000452,121.14138910900056,297751913699970_849806045161218$$297751913699970_618803594928132$$297751913699970_585680128240479$$297751913699970_492777820864044
yangtze rivers,31.786665621000452,121.14138910900056,297751913699970_776313969177093
yangyang,38.07388570600045,128.62110687500058,340785907491_10152505987302492
yasaka,1.57680987900045,23.285935594000478,211783385560749_617225955016488
yasaka shrine,35.003637153000454,135.7785497390006,211783385560749_290653127673774
yatagarasu,34.50274610100047,135.94649283600063,211783385560749_711320655607017
yataimura,13.734897496000428,100.58256945500051,211783385560749_395618840510535
yatsugatake area,23.40421966700046,84.6283298560005,211783385560749_952312568174490
yelagiri,17.26749802100045,78.84082727100053,144113158937441_1223335374348542$$144113158937441_950268491655233
yelagiri hill,12.601439077000464,78.59528856000054,144113158937441_1223335374348542
yellow river,37.75749628200049,119.07610837800053,297751913699970_791517544323402$$297751913699970_568467646628394
yeoido,,,340785907491_10150165047742492
yeongam,38.30610559900049,125.15610835100051,340785907491_10151199715367492$$340785907491_176836989064654$$340785907491_159855714067707
yeongchwisan mountain,38.847776533000456,125.98388639600057,340785907491_10150693438342492
yeongdeok blue road,,,340785907491_10151475639792492
yeongdong boulevard,49.50107985900047,1.300020064000421,340785907491_270782466289467
yeongdong bridge,43.021682913137056,-124.00768931081234,340785907491_288585411154432
yeongdong town,45.35984665490031,-92.02285608314094,340785907491_111979618949560
yeongildae beach,46.91930712762297,-104.00611586725273,340785907491_10153428383872492
yeongju,36.82166932500047,128.6308260120005,340785907491_10151130982602492
yeongsangang river,34.806109182000455,126.5388896460006,340785907491_10150934625012492
yeonnamdong park,39.110143518309826,-100.36132558780491,340785907491_10154866202192492
yeosu,37.02443933200044,126.96082620500056,340785907491_10153036433832492$$340785907491_10152664121742492$$340785907491_10152617113732492$$340785907491_10151779551112492$$340785907491_375384945858060$$340785907491_379791718735587$$340785907491_10150693438342492$$340785907491_288972441152613
yeosu expo,,,340785907491_10151078236542492$$340785907491_10151009670992492$$340785907491_408836092488152$$340785907491_379791718735587$$340785907491_368042566585554$$340785907491_269815136437459
yeosu korea,,,340785907491_228275027286597$$340785907491_209801319132923$$340785907491_253418281399990$$340785907491_273069312760743
yeouido,,,340785907491_10154745652117492$$340785907491_10152712751537492$$340785907491_10152259920167492$$340785907491_10151332275367492
yeouido hangang park,,,340785907491_10154477199822492$$340785907491_10152447508637492$$340785907491_10151713472902492
yeouido station,54.72009006900049,-1.370160119999582,340785907491_117999954943739
yeouinaru station,54.72009006900049,-1.370160119999582,340785907491_10154473664382492$$340785907491_117999954943739
yew tee mrt station,,,225524117535380_1222624307825351
yingde,24.18983224700048,113.4003615310005,297751913699970_413211672153993
yishun,45.79999710700048,124.46666603100061,225524117535380_1278786758875772$$225524117535380_1198039663617149$$225524117535380_1135802483174201$$225524117535380_1070974042990379
yoga barn,13.710725641000465,100.39741988500055,67558139928_10151269851769929
yogya,32.105997784000465,93.60599704100053,67558139928_10154544347039929$$67558139928_419129774774976$$67558139928_10150363990509929
yogyakarta,-7.782778070999598,110.36082725300054,225524117535380_1176266519127797$$225524117535380_981221328632318$$225524117535380_932652943489157$$225524117535380_483513808403075$$225524117535380_480844832003306$$1647170365552546_1870305496572364$$1647170365552546_1852901308312783$$67558139928_10155011718309929$$67558139928_10154893671239929$$67558139928_10154593614464929$$67558139928_10154592144559929$$67558139928_10154558877374929$$67558139928_10154374469614929$$67558139928_10153778736579929$$67558139928_10153669411289929$$67558139928_10153635997844929$$67558139928_10153607809094929$$67558139928_10153590126904929$$67558139928_10153217478124929$$67558139928_10153049500089929$$67558139928_10152908388269929$$67558139928_10152796069524929$$67558139928_10152790562124929$$67558139928_10151604686939567$$67558139928_10151298659639929$$67558139928_10150444588239929$$67558139928_10150385927394929$$67558139928_10150334356794929$$67558139928_10150320151474929$$67558139928_10150285979234929$$67558139928_10150267936784929$$67558139928_10150109990274929$$67558139928_404560794928$$433618953473105_528302387338094
yogyakarta wonderful indonesia,,,67558139928_10152598802644929
yoko onos invisible benches,,,211783385560749_448241261914959
yokohama,35.44777924100049,139.64249636000056,211783385560749_959384400800640$$211783385560749_782011025204646$$211783385560749_673891209349962$$211783385560749_545919845480433$$211783385560749_479812388757846
yokohama city,-11.249999396999556,-69.16666735899963,211783385560749_568244433247974
yokohama sta,35.465813641000466,139.6198588690006,211783385560749_741089369296812
yokosuka,35.283606809000446,139.66721716600057,211783385560749_370997132972706
yokote,39.29999990300047,140.56666935100054,211783385560749_596630617076022
yokote city,39.29999990300047,140.56666935100054,211783385560749_1010668475672232$$211783385560749_793464744059274$$211783385560749_442880945784324
yonezawa city,37.916669657000455,140.1166687830006,211783385560749_807380699334345
yongbiji reservoir,-31.966669597999612,116.1567102620005,340785907491_10154393386642492
yongduam rock,33.51638862900046,126.51166706200058,340785907491_10151001907772492
yongedundas square,43.28554229454238,-76.14580876236369,240054519398747_607882385949290
yongin,34.53332988700049,126.28332582500059,340785907491_10153299519702492
yongin mbc dramia,,,340785907491_10153299519702492$$340785907491_327338177308597
yongmasan park,39.110143518309826,-100.36132558780491,340785907491_10150999474077492
yongmunsa temple,39.83082679900048,126.09443708600054,340785907491_114523572009115
yongpyeong,34.182496020000485,126.67416564200062,340785907491_10150428473837492
yongpyong balwangsan mountain,,,340785907491_10154676685232492
yongpyong dome,32.75602317912751,-114.36002807463524,340785907491_10154846378382492
yongpyong ski resort,,,340785907491_10154983942712492$$340785907491_10154614173487492
yongsan,40.13249802900049,125.86499794600059,340785907491_182254691824324$$340785907491_118151258233689
yongsan family park,,,340785907491_10150560543237492
yongsang,30.376877722000472,103.79324604600055,340785907491_10152860769097492
yongyu station,54.72009006900049,-1.370160119999582,340785907491_10152222329872492
yoron island,27.043955979000486,128.40151736100051,211783385560749_362072453865174
yosakoi,55.69428610900047,12.530827979000435,211783385560749_1068314376574308
yosakoi matsuri,57.84753004000049,27.58142994600047,211783385560749_375458349193251
yoshii river,34.59999597200044,134.03332560600052,211783385560749_810683999004015
yotsuya senmaida,,,211783385560749_1065621833510229
youra peninsula,41.24120225208338,-81.54747724487817,211783385560749_615818525157231
yu sheng bowls,,,225524117535380_1278729185548196
yudanaka shibu hot spring village,,,211783385560749_285263768212710
yudanaka shibu hot spring village yamanouchi,,,211783385560749_285263768212710
yudofu,35.01153395300048,135.7900777160006,211783385560749_406496556089430
yuen po street bird garden,22.325517183000443,114.17339743400055,114979501871035_364045056951470
yukata,57.049997806000476,104.26666703600051,211783385560749_515253788547039
yukizuri,,,211783385560749_264492163623204
yukssam naengmyeon,,,340785907491_437325747491
yunjungno,,,340785907491_117999954943739
yunnan,24.999998855000456,101.99999767500054,297751913699970_698632293611928$$297751913699970_366511630157331
yurakucho,35.666666818000465,139.76666734100058,211783385560749_472808116124940$$211783385560749_450630388342713$$211783385560749_395618840510535
yurigahama beach,27.039982831000486,128.46142954400057,211783385560749_362072453865174
yushima tenmangu shrine,,,211783385560749_453461178059634
yuzawa,39.16666773500049,140.49999876700053,211783385560749_452548934817525
zagat,45.38425649900046,3.0869175120004115,240054519398747_10153814813125077
zakura,12.415596568000467,4.7165963980004335,211783385560749_812212505517831
zalora,1.3035986230004255,103.83194711200053,225524117535380_714043948683392
zalora singapore,1.3035986230004255,103.83194711200053,225524117535380_1017183305036120$$225524117535380_714043948683392
zambales,15.768595530000425,120.08829805800053,240054519398747_1135174983220025$$240054519398747_1018571918213666$$240054519398747_1023322111071980$$240054519398747_1014147618656096$$240054519398747_1009425892461602$$240054519398747_983402228397302$$240054519398747_762690607135133$$240054519398747_830105540393639$$240054519398747_787885667948960$$240054519398747_787885667948960$$240054519398747_775879629149564$$240054519398747_762690607135133$$240054519398747_689327551138106$$240054519398747_689327551138106$$240054519398747_689328894471305$$240054519398747_689327551138106$$240054519398747_559868007417395$$240054519398747_516473918423471$$240054519398747_491534020917461$$240054519398747_486455868091943$$240054519398747_476768502394013$$240054519398747_473282986075898$$240054519398747_463126227091574
zambales coastal mountains,,,240054519398747_983402228397302
zambia,-14.999998129999597,29.999996802000453,144113158937441_1255213184494094
zamboanga,6.910276598000451,122.07388636100052,240054519398747_1047910671946457$$240054519398747_1043534295717428$$240054519398747_1003060013098190$$240054519398747_801933229877537$$240054519398747_753432938060900$$240054519398747_713540672050127$$240054519398747_648287901908738$$240054519398747_666619990075529$$240054519398747_664487703622091$$240054519398747_659291747475020$$240054519398747_648287901908738$$240054519398747_642842095786652$$240054519398747_638231506247711$$240054519398747_630372207033641$$240054519398747_624820594255469$$240054519398747_618029371601258$$240054519398747_612738455463683$$240054519398747_611551002249095$$240054519398747_592486020822260$$240054519398747_583812061689656$$240054519398747_573934222677440$$240054519398747_508700702534126$$240054519398747_504417152962481$$240054519398747_501259473278249$$240054519398747_390826050988259
zamboanga city,6.910276598000451,122.07388636100052,240054519398747_1043534295717428$$240054519398747_756081037796090
zamboanga del norte,7.999998899000445,122.66666825900052,240054519398747_685726288164899$$240054519398747_682116418525886$$240054519398747_610268815710647
zamboanga del sur,7.904296891000456,123.31939833700051,240054519398747_517209271683269
zamboanga peninsula,7.494315772000448,122.67365613900051,240054519398747_514043805333149
zamboangita,9.102495566000414,123.19959646800055,240054519398747_749235871813940
zamboanguita,9.102495566000414,123.19959646800055,240054519398747_681143928623135$$240054519398747_647334088670786$$240054519398747_594360060634856$$240054519398747_560430644027798
zao,11.84999675800043,-2.1166682329995865,211783385560749_1363173593755050
zhangjiajie,29.129439917000468,110.47832982600056,297751913699970_704491309692693$$297751913699970_633074653501026$$297751913699970_564264713715354$$297751913699970_463375503804276
zhangjiajie national forest park,,,297751913699970_736575516484272
zhangye,38.93416886600045,100.45166707100054,297751913699970_571628169645675$$297751913699970_398626123612548
zhejiang,28.999999903000457,119.99999789400056,297751913699970_542789492529543
zhongshan park,1.3265960820004352,103.84647632300056,225524117535380_1220724168015365$$225524117535380_1144023425685440
zimbabwe,-18.999999178999587,28.99999654000044,144113158937441_1255213184494094
zollikofen,46.99904620600046,7.458086124000431,240054519398747_923630427707816
zoshigaya,35.72029755800048,139.71471495200058,211783385560749_1065712636834482
zouk,-33.43224799199959,-70.61802706799966,225524117535380_946430328778085
