id,page_id,type,name,message,link,caption,picture,description,full_picture,story,likes_cnt,shares_cnt,reactions_cnt,comments_cnt,comments,loc_city,loc_country,loc_lat,loc_long,loc_street,loc_zip,created_time,created_year,created_month,created_day,created_is_weekend,updated_time,updated_year,updated_month,updated_day,updated_is_weekend,predicted_class
106311692724981_1255764354446370,goturkeytourism,photo,Timeline Photos,"Historic #Ani ruins in Kars, was included in the UNESCO World Cultural Heritage List, as of 15 July 2016. Explore Turkey's wonderful historical tales at the country's sixteen world heritage sites.

http://www.goturkeytourism.com/things-to-do/unesco-world-heritage-sites-in-turkey.html

#HomeOf #VisitTurkey #UNESCOWorldHeritages",https://www.facebook.com/goturkeytourism/photos/a.141949432494540.20932.106311692724981/1255764354446370/?type=3,,https://scontent.xx.fbcdn.net/v/t1.0-0/s130x130/13716035_1255764354446370_1752353180433659270_n.png?oh=51a719a28dd7951f0e96afe93db38d87&oe=59725CB9,,https://scontent.xx.fbcdn.net/v/t1.0-9/s720x720/13716035_1255764354446370_1752353180433659270_n.png?oh=433a777e0eafe52efcbeaca862c2fabd&oe=595E3BAC,,6,3,6,1,https://www.facebook.com/octopustours/?fref=ts,,,,,,,2016-07-15T16:26:46+0000,2016,July,Friday,False,2016-07-29T13:50:57+0000,2016,July,Friday,False,5
106311692724981_998527036836771,goturkeytourism,link,"Blue Flag Beaches in Izmir, Turkey | Go Turkey Tourism","#Izmir, Turkey's 3rd largest city on the #Aegean coast, has nearly 50 blue flag #beaches for vivid summer days and swimming on the coast to relax.
http://www.goturkeytourism.com/destinations-turkey/blue-flag-beaches-in-izmir.html

#HomeOf #BlueFlag #Turkey #Coast",http://www.goturkeytourism.com/destinations-turkey/blue-flag-beaches-in-izmir.html,goturkeytourism.com,https://external.xx.fbcdn.net/safe_image.php?d=AQBaP9fwEeudbbG7&w=130&h=130&url=http%3A%2F%2Fwww.goturkeytourism.com%2Fimages%2Fbanners%2FBlueFlagIzmir.jpg&cfs=1&sx=325&sy=0&sw=370&sh=370&_nc_hash=AQD_c6qH7BZQSoVF,"Izmir, the southern Aegean city of Turkey, has nearly 43 clean beaches in total that awarded with the blue flag.",https://external.xx.fbcdn.net/safe_image.php?d=AQBPuVGaJ33ux8Zq&url=http%3A%2F%2Fwww.goturkeytourism.com%2Fimages%2Fbanners%2FBlueFlagIzmir.jpg&_nc_hash=AQDnN3vyp9wYTq2-,,9,7,9,2,"I was thinking of going to turkey later on this year, but I'm gay, will I be welcome or is it illegal? it's just I seen gay people in a turkish Pride Parade being attacked by the police... so wasn't sure. Can someone let me know if it would be safe for me to travel there.. thank you$$Hello! Sharing with you a travel video and blog post I've created to document my trip to Istanbul and Cappadocia back in May. Hope you'll enjoy it as much as I did. Love Turkey!

http://www.randomrepublika.com/2015/07/when-in-turkey-travel-video-of-my-trip-to-istanbul-and-cappadocia/",,,,,,,2015-06-19T09:00:02+0000,2015,June,Friday,False,2015-07-16T06:47:34+0000,2015,July,Thursday,False,3
106311692724981_998518426837632,goturkeytourism,link,"Akdamar Island in Van, Turkey | Go Turkey Tourism","#Akdamar Island is the 2nd largest island in Lake #Van, in eastern Turkey, roughly 4 km from the shore, home to 10th century Akdamar Church.

http://www.goturkeytourism.com/destinations-turkey/akdamar-island-in-van-turkey.html

#HomeOf #AkdamarIsland #AkdamarChurch #Turkey",http://www.goturkeytourism.com/destinations-turkey/akdamar-island-in-van-turkey.html,goturkeytourism.com,https://external.xx.fbcdn.net/safe_image.php?d=AQDXzpcftR3B0tlw&w=130&h=130&url=http%3A%2F%2Fwww.goturkeytourism.com%2Fimages%2Fbanners%2FAkdamarIsland.jpg&cfs=1&_nc_hash=AQBTcYUdA3OY7xds,Akdamar Island is the largest of the islands in Lake Van and very famous with its unique churches.,https://external.xx.fbcdn.net/safe_image.php?d=AQAT4eIhfRW-mwOC&url=http%3A%2F%2Fwww.goturkeytourism.com%2Fimages%2Fbanners%2FAkdamarIsland.jpg&_nc_hash=AQBXcz_wfzepepKS,,14,9,14,1,http://turkey444.com/ - Your travel guide to Turkey!,,,,,,,2015-06-18T09:00:01+0000,2015,June,Thursday,False,2015-10-26T23:49:14+0000,2015,October,Monday,False,3
106311692724981_998512323504909,goturkeytourism,link,"Ebru Turkish Art of Marbling, Unesco, Turkey | Go Turkey Tourism","Turkish Art of Marbling, also known as #Ebru in Turkish, has been listed as an Intangible Cultural Heritage of Humanity by #UNESCO.

http://www.goturkeytourism.com/things-to-do/ebru-turkish-art-of-marbling-unesco-turkey.html

#HomeOf #TurkishArt #Marbling #Turkey",http://www.goturkeytourism.com/things-to-do/ebru-turkish-art-of-marbling-unesco-turkey.html,goturkeytourism.com,https://external.xx.fbcdn.net/safe_image.php?d=AQByiSgwWHr9A7N4&w=130&h=130&url=http%3A%2F%2Fwww.goturkeytourism.com%2Fimages%2Fbanners%2FEbruMarbling.jpg&cfs=1&_nc_hash=AQBelf0zz93hgAVc,Ebru is the stunning traditional Turkish art of creating amazing and colorful patterns.,https://external.xx.fbcdn.net/safe_image.php?d=AQCo5S70EiRUKS9N&url=http%3A%2F%2Fwww.goturkeytourism.com%2Fimages%2Fbanners%2FEbruMarbling.jpg&_nc_hash=AQALKvFIMtX2YxGL,,9,11,9,1,"Beautiful places, archeological sites MAKE SURE TO GIVE ACCURATE HISTORICAL BACKGROUND:   Like AGHTAMAR CHURCH in LAKE VAN was built by ARMENIANS centuries ago.  Use historical honesty in your tourism.",,,,,,,2015-06-17T09:00:02+0000,2015,June,Wednesday,False,2015-07-10T17:24:05+0000,2015,July,Friday,False,1
106311692724981_962033233819485,goturkeytourism,photo,Timeline Photos,"Turkey: Home of Turquoise Waters
If you are looking for turquoise waters to dive into, look no further!

#HomeOf #Turquoise #Turkey",https://www.facebook.com/goturkeytourism/photos/a.141949432494540.20932.106311692724981/962033233819485/?type=3,,https://scontent.xx.fbcdn.net/v/t1.0-0/s130x130/10393929_962033233819485_3295332382893751731_n.png?oh=9a221e540ad1fe410cc644128823e2e0&oe=5955FD9C,,https://scontent.xx.fbcdn.net/v/t1.0-9/s720x720/10393929_962033233819485_3295332382893751731_n.png?oh=b2b6318f88fdb9dcef3a4f98f692cce7&oe=59717C63,,18,6,18,1,Take a look at our video.... and dont forget to follow our page for the latest updates*** Viverde Hotel Loryma*** https://vimeo.com/125568368,,,,,,,2015-03-29T12:40:47+0000,2015,March,Sunday,True,2015-04-23T10:15:06+0000,2015,April,Thursday,False,3
106311692724981_928811107141698,goturkeytourism,photo,Timeline Photos,"On these winter days the nostalgic tramway at Istiklal Street of Taksim becomes one of Istanbul's symbols.

#Taksim #IstiklalStreet #Istanbul #Turkey",https://www.facebook.com/goturkeytourism/photos/a.141949432494540.20932.106311692724981/928811107141698/?type=3,,https://scontent.xx.fbcdn.net/v/t1.0-0/s130x130/10606266_928811107141698_8313595952511648757_n.png?oh=3f16a5c5268646cbc142b41301e2c30a&oe=596A0838,,https://scontent.xx.fbcdn.net/v/t1.0-9/10606266_928811107141698_8313595952511648757_n.png?oh=d19d70d3751fa98be7309a22cbf29a6b&oe=5962CEA5,,33,4,33,1,"Hello!
I am Kamilla and I am a professional freelance interpreter offers interpreting services in Moscow and all over Russia. I have interpreted during business and financial negotiations, machinery installations, international fairs, quality and production audits, seminars/training sessions, and the visits of official delegations.

I have been working as an interpreter since 2007 Extensive work experience with representatives of different countries: USA, Japan, China, Taiwan, India, Australia, South Africa , Belgium, Bulgaria, Colombia, Hungary, England, Turkey, Italy, Spain, Norway, Germany and others. 

Please contact me for a quote and your needs.
Please call, text, email, viber, whatsup +79266044334
https://www.facebook.com/moscow.interpreter.translator",,,,,,,2015-01-25T10:48:57+0000,2015,January,Sunday,True,2015-02-12T12:24:40+0000,2015,February,Thursday,False,1
106311692724981_921196344569841,goturkeytourism,link,Istanbul Convention & Visitors Bureau | Go Turkey Tourism,"Istanbul Convention & Visitors Bureau (ICVB), Turkey’s first destination marketing bureau.
http://www.goturkeytourism.com/meeting-turkey/istanbul-convention-visitors-bureau.html

#HomeOf #ICVB #Istanbul #Turkey",http://www.goturkeytourism.com/meeting-turkey/istanbul-convention-visitors-bureau.html,goturkeytourism.com,https://external.xx.fbcdn.net/safe_image.php?d=AQD3z_7zDgUIVKis&w=130&h=130&url=http%3A%2F%2Fwww.goturkeytourism.com%2Fimages%2Fbanners%2FIstanbulConventionBureau.jpg&cfs=1&sx=165&sy=0&sw=370&sh=370&_nc_hash=AQBvaTPKG7lJfpv5,"ICVB is ready to bring you the best hotels, meeting facilities, incentive ideas and the 3rd party companies.",https://external.xx.fbcdn.net/safe_image.php?d=AQDWeSMILhsNcqJi&url=http%3A%2F%2Fwww.goturkeytourism.com%2Fimages%2Fbanners%2FIstanbulConventionBureau.jpg&_nc_hash=AQAX1tJDQNO2gI-I,,5,1,5,1,"Hello!
I am Kamilla and I am a professional freelance interpreter offers interpreting services in Moscow and all over Russia. I have interpreted during business and financial negotiations, machinery installations, international fairs, quality and production audits, seminars/training sessions, and the visits of official delegations.

I have been working as an interpreter since 2007 Extensive work experience with representatives of different countries: USA, Japan, China, Taiwan, India, Australia, South Africa , Belgium, Bulgaria, Colombia, Hungary, England, Turkey, Italy, Spain, Norway, Germany and others. 

Please contact me for a quote and your needs.
Please call, text, email, viber, whatsup +79266044334
https://www.facebook.com/moscow.interpreter.translator",,,,,,,2015-01-12T10:00:01+0000,2015,January,Monday,False,2015-02-12T12:24:50+0000,2015,February,Thursday,False,4
106311692724981_916646378358171,goturkeytourism,video,Beautiful Izmir,"Izmir, the frontier city of Turkey with its 8,500 years of history, 3rd largest economy and culture. Watch this lovely video and experience Izmir.

#HomeOf #Izmir #Turkey #VisitTurkey",http://www.youtube.com/watch?v=x7S6Ni4C9U8,youtube.com,https://external.xx.fbcdn.net/safe_image.php?d=AQDdkOCBWlTPj54v&w=130&h=130&url=http%3A%2F%2Fi.ytimg.com%2Fvi%2Fx7S6Ni4C9U8%2Fmaxresdefault.jpg&cfs=1&_nc_hash=AQD3uJMRy5pFfKgw,"Izmir, the beautiful cit of Turkey.",https://external.xx.fbcdn.net/safe_image.php?d=AQBKET_hpvDbSsGf&w=720&h=720&url=http%3A%2F%2Fi.ytimg.com%2Fvi%2Fx7S6Ni4C9U8%2Fmaxresdefault.jpg&cfs=1&_nc_hash=AQAa7n9EX-Gkkla3,,15,2,15,2,"McFuzzlebutt's Manchen (Man Kitchen) you may find this of interest in light of your trip$$Yeah, I did some shopping at Izmir IKEA last year, but now we have small IKEA shop in Bodrum too.",,,,,,,2015-01-04T11:42:20+0000,2015,January,Sunday,True,2015-01-04T13:34:04+0000,2015,January,Sunday,True,5
106311692724981_845931218763021,goturkeytourism,photo,Timeline Photos,"Turkey: Home of Whirling Dervishes, Konya

Whirling dervish performances are as spiritual as they are beautiful. You need to experience this mysticism once in your life.

#HomeOf #WhirlingDervishes #Mysticism #Konya #Rumi",https://www.facebook.com/goturkeytourism/photos/a.141949432494540.20932.106311692724981/845931218763021/?type=3,,https://scontent.xx.fbcdn.net/v/t1.0-0/s130x130/10457789_845931218763021_681209093259631843_n.png?oh=eb00e6a1f7b1d1613720aa10b627d212&oe=596A086F,,https://scontent.xx.fbcdn.net/v/t1.0-9/10457789_845931218763021_681209093259631843_n.png?oh=78836ffecb2b23eeb2bdfc5d532683eb&oe=596D35DC,,19,8,19,6,I will be in Turkey for the month of November!,,,,,,,2014-09-04T15:39:29+0000,2014,September,Thursday,False,2014-09-30T11:28:45+0000,2014,September,Tuesday,False,2
106311692724981_841228135899996,goturkeytourism,link,Top 10 Beach Destinations in Turkey | Go Turkey Tourism - www.goturkeytourism.com,"Top 10 Beach Destinations in Turkey
http://www.goturkeytourism.com/destinations-turkey/top-10-beach-destinations-in-turkey.html

#HomeOf #Top10 #BeachDestinations #Turkey",http://www.goturkeytourism.com/destinations-turkey/top-10-beach-destinations-in-turkey.html,goturkeytourism.com,https://external.xx.fbcdn.net/safe_image.php?d=AQClxOGL2t-hxFrx&w=130&h=130&url=http%3A%2F%2Fwww.goturkeytourism.com%2Fimages%2Fbanners%2FTopBeachDestinations.jpg&cfs=1&sx=81&sy=0&sw=370&sh=370&_nc_hash=AQBoQQrJywawowvK,"There are beautiful beaches all over Turkey, see below for the top 10 beach destinations in Turkey.",https://external.xx.fbcdn.net/safe_image.php?d=AQDguRNT4ByJgBPB&url=http%3A%2F%2Fwww.goturkeytourism.com%2Fimages%2Fbanners%2FTopBeachDestinations.jpg&_nc_hash=AQCR7k4XsOFtEwBG,,6,1,6,3,"It won't download the list, is patara on there plz, if it ain't it should be..!!!!!😊$$Dear Annette; please visit the link below for Patara :) http://www.goturkeytourism.com/destinations-turkey/best-beaches-in-turkey.html",,,,,,,2014-08-26T17:06:00+0000,2014,August,Tuesday,False,2014-08-27T04:20:56+0000,2014,August,Wednesday,False,3
106311692724981_839609179395225,goturkeytourism,link,Historical Places in Turkey | Go Turkey Tourism - www.goturkeytourism.com,"Turkey: Home of Historical Places
http://www.goturkeytourism.com/things-to-do/historical-places-in-turkey.html

#HomeOf #Historical #Places #Turkey",http://www.goturkeytourism.com/things-to-do/historical-places-in-turkey.html,goturkeytourism.com,https://external.xx.fbcdn.net/safe_image.php?d=AQDle74MLM0Pe-Wz&w=130&h=130&url=http%3A%2F%2Fwww.goturkeytourism.com%2Fimages%2Fbanners%2FHistoricalPlaces.jpg&cfs=1&_nc_hash=AQDm4vmQoU768iqa,"Historical places in Turkey, the greatest wealth of Turkey is probably history.",https://external.xx.fbcdn.net/safe_image.php?d=AQAQb0sN3kV85hCh&url=http%3A%2F%2Fwww.goturkeytourism.com%2Fimages%2Fbanners%2FHistoricalPlaces.jpg&_nc_hash=AQCLvMKRcVsMrBRp,,8,1,8,1,Just liked this page.,,,,,,,2014-08-23T09:00:00+0000,2014,August,Saturday,True,2014-08-26T19:19:38+0000,2014,August,Tuesday,False,5
106311692724981_819626678060142,goturkeytourism,link,Tourist Information Centres in Turkey | Go Turkey Tourism - www.goturkeytourism.com,"Tourist Information Centres of Turkey
http://www.goturkeytourism.com/planning-holiday/tourist-information-centres-of-turkey.html

#HomeOf #Tourist #Information #Turkey",http://www.goturkeytourism.com/planning-holiday/tourist-information-centres-of-turkey.html,goturkeytourism.com,https://external.xx.fbcdn.net/safe_image.php?d=AQDNhViZyi6pANle&w=130&h=130&url=http%3A%2F%2Fwww.goturkeytourism.com%2Fimages%2Fbanners%2FTouristInformationCentres.jpg&cfs=1&_nc_hash=AQDfm1AjKj8w_RTZ,Tourist information centres have knowledgeable local staff with all the information you need to know.,https://external.xx.fbcdn.net/safe_image.php?d=AQCn4d0sBpG1NFJC&url=http%3A%2F%2Fwww.goturkeytourism.com%2Fimages%2Fbanners%2FTouristInformationCentres.jpg&_nc_hash=AQCQyZkPG8ibTAPa,,4,1,4,2,"we are looking for sum information, but haven't being successful so far... can you please guide us me and my husband are planning to visit Turkey this September, can anyone guide us about places that we should visit and how about the cheap hotels or youth hostels around. and Is there any other tourists spots besides Istanbul that we must visit.Our duration will be 2 weeks :) Thank you$$For more details please visit the links below;
http://www.goturkeytourism.com/destinations-turkey/destinations-of-turkey.html
http://www.goturkeytourism.com/things-to-do/things-to-do-and-see-in-turkey.html",,,,,,,2014-07-16T15:21:23+0000,2014,July,Wednesday,False,2014-07-21T05:19:12+0000,2014,July,Monday,False,2
106311692724981_812694675420009,goturkeytourism,photo,Timeline Photos,"Turkey: Home of Rize
There are very few places in Rize, with curved stone bridges like this one.

#HomeOf #Rize #StoneBridge #Turkey",https://www.facebook.com/goturkeytourism/photos/a.141949432494540.20932.106311692724981/812694675420009/?type=3,,https://scontent.xx.fbcdn.net/v/t1.0-0/s130x130/10463049_812694675420009_8603905292629253276_n.png?oh=bea22e2bbb2f0e1cc84b0073f8142fc3&oe=595A7544,,https://scontent.xx.fbcdn.net/v/t1.0-9/10463049_812694675420009_8603905292629253276_n.png?oh=a0e841f847d69b8872bd425bdb9233fa&oe=59534BD9,,7,0,7,2,I want to visit thre <3$$Mmm where in turkey is this,,,,,,,2014-07-06T08:00:01+0000,2014,July,Sunday,True,2014-08-09T23:07:53+0000,2014,August,Saturday,True,1
106311692724981_796259530396857,goturkeytourism,photo,Timeline Photos,"Turkey: Home of Enlightenment
Come and visit one of the world's oldest libraries in Ephesus.

#HomeOf #Ephesus #Wonder #Turkey",https://www.facebook.com/goturkeytourism/photos/a.141949432494540.20932.106311692724981/796259530396857/?type=3,,https://scontent.xx.fbcdn.net/v/t1.0-0/s130x130/10173624_796259530396857_5330862661335911091_n.png?oh=1cb62668821deefee36d2eabddb60569&oe=5958667F,,https://scontent.xx.fbcdn.net/v/t1.0-9/10173624_796259530396857_5330862661335911091_n.png?oh=e7371f2246d0d1f2986af0e8b4720432&oe=5966F5E2,,14,0,14,1,Been there. Great place !!,,,,,,,2014-06-07T12:26:16+0000,2014,June,Saturday,True,2014-06-08T02:19:37+0000,2014,June,Sunday,True,2
106311692724981_783074228382054,goturkeytourism,photo,Timeline Photos,"Turkey coal mine explosion. Three days of national mourning have been declared in Turkey. Our hearts are with all the families who have lost loved ones in the tragic Soma mine accident. Please pray for Turkey.

#HomeOf #NationalMourning #Soma #Turkey #PrayForTurkey",https://www.facebook.com/goturkeytourism/photos/a.141949432494540.20932.106311692724981/783074228382054/?type=3,,https://scontent.xx.fbcdn.net/v/t1.0-0/s130x130/10344797_783074228382054_4203037765045053789_n.png?oh=b2d5cd524e8ff8079036a3ba05f3a95b&oe=596FDA39,,https://scontent.xx.fbcdn.net/v/t31.0-8/s720x720/10371329_783074228382054_4203037765045053789_o.png?oh=e508e90d8d41e08b94372672be9b03fe&oe=5966F9CB,,9,3,9,2,May their souls rest in peace. ,,,,,,,2014-05-14T11:41:09+0000,2014,May,Wednesday,False,2014-05-28T15:09:15+0000,2014,May,Wednesday,False,1
106311692724981_758193457536798,goturkeytourism,photo,Timeline Photos,"Turkey: Home of Lycian Tombs

#LycianTombs #Turkey",https://www.facebook.com/goturkeytourism/photos/a.141949432494540.20932.106311692724981/758193457536798/?type=3,,https://scontent.xx.fbcdn.net/v/t1.0-0/s130x130/10176103_758193457536798_1311655013_n.jpg?oh=f7b33cf560d0c8617c676d264be600c9&oe=59649CB1,,https://scontent.xx.fbcdn.net/v/t1.0-9/10176103_758193457536798_1311655013_n.jpg?oh=ca7cfee3cfe1cf986133d31ab2d8d6bc&oe=595FCC67,,6,2,6,1,Good news !Upgrade your skills through online accredited  Travel and Tourism course from UK's best colleges. This course can be completed from anywhere around the world with very little fee.Please Visit and like page for more information.,,,,,,,2014-04-02T19:00:01+0000,2014,April,Wednesday,False,2014-04-04T10:10:57+0000,2014,April,Friday,False,2
106311692724981_735723676450443,goturkeytourism,photo,Timeline Photos,"Gocek is a small holiday town in Fethiye district in Mugla, Turkey. Have you ever been to Gocek before?

#Gocek #Fethiye #Turkey",https://www.facebook.com/goturkeytourism/photos/a.141949432494540.20932.106311692724981/735723676450443/?type=3,,https://scontent.xx.fbcdn.net/v/t1.0-0/s130x130/1017663_735723676450443_928591681_n.jpg?oh=28dd9f746501a5834800b1a98253f829&oe=5969E204,,https://scontent.xx.fbcdn.net/v/t1.0-9/1017663_735723676450443_928591681_n.jpg?oh=c6d6f1da0a3b05ed9f6a4c849799b204&oe=5968D0A9,,2,2,2,1,Was there last August nice place and some nice bars. will be going back this September.,,,,,,,2014-02-15T10:04:05+0000,2014,February,Saturday,True,2014-02-15T22:48:04+0000,2014,February,Saturday,True,2
106311692724981_714196291936515,goturkeytourism,photo,Timeline Photos,"Have you ever visited this beautiful corner where sandy beaches meet the blue sea?

#Oludeniz #Turkey",https://www.facebook.com/goturkeytourism/photos/a.141949432494540.20932.106311692724981/714196291936515/?type=3,,https://scontent.xx.fbcdn.net/v/t1.0-0/p130x130/1484237_714196291936515_1767052777_n.jpg?oh=a6373d12ed6531a01208610d42eb9751&oe=5964D23E,,https://scontent.xx.fbcdn.net/v/t1.0-9/1484237_714196291936515_1767052777_n.jpg?oh=9a5adb4c8117bc8aae14dcfbb2473706&oe=59524AAC,,12,3,12,4,Was there last August lovely place.$$No but hoping to in September we are going to altinkumn at Easter x$$Mally Hodson this looks so fab x,,,,,,,2014-01-07T19:08:52+0000,2014,January,Tuesday,False,2014-01-08T05:59:51+0000,2014,January,Wednesday,False,3
