id,page_id,type,name,message,link,caption,picture,description,full_picture,story,likes_cnt,shares_cnt,reactions_cnt,comments_cnt,comments,loc_city,loc_country,loc_lat,loc_long,loc_street,loc_zip,created_time,created_year,created_month,created_day,created_is_weekend,updated_time,updated_year,updated_month,updated_day,updated_is_weekend,predicted_class
433618953473105_753443401490657,wonderfulplacesindo,photo,Timeline Photos,"Bair island, Southeast Maluku.",https://www.facebook.com/wonderfulplacesindo/photos/a.434169533418047.1073741827.433618953473105/753443401490657/?type=3,,https://scontent.xx.fbcdn.net/v/t1.0-0/p130x130/17342861_753443401490657_5545103270919269349_n.jpg?oh=120adeb0af2ef43ce11587b3162d61e1&oe=596437FB,,https://scontent.xx.fbcdn.net/v/t1.0-9/17342861_753443401490657_5545103270919269349_n.jpg?oh=36f7a51dfd4718e6775edc1542c0ab80&oe=59687B75,,9640,1162,10684,207,"Sallom hello aferbaday looking in ym ples Indonesia too wonderful Ok wel came to my Indonesia yes my feand  Thanks somach God belss your Amen bam$$Hillel Ce never been there yet but planning.
Both are pretty.
Try Ternate and Morotai too$$Wow....thats really wonderful....is that really my beloved Indonesia???
Damn...I'm proud I'm Indonesian :) :)$$Sallom to Maluku Good morneng too areday in Maluku Indonesia God belss your Amen medeka$$I sometimes use this Samsung wallpaper",,,,,,,2017-03-15T10:37:59+0000,2017,March,Wednesday,False,2017-03-20T05:56:02+0000,2017,March,Monday,False,3
433618953473105_738662309635433,wonderfulplacesindo,photo,Photos from Wonderful Indonesia's post,"""The most wonderful waterfalls in Indonesia"" 
Which one your favourite?",https://www.facebook.com/wonderfulplacesindo/photos/a.456223381212662.1073741829.433618953473105/738660926302238/?type=3,,https://scontent.xx.fbcdn.net/v/t1.0-0/s130x130/16730186_738660926302238_6313745668399252909_n.jpg?oh=3d8fc463bf7bc127fb9f423b4d65c0fc&oe=595B8180,,https://scontent.xx.fbcdn.net/v/t1.0-0/p480x480/16730186_738660926302238_6313745668399252909_n.jpg?oh=2f5599f615c35d2b495eec42124e6334&oe=59609BA6,Wonderful Indonesia added 5 new photos.,4333,894,4810,132,"Ha... How could you not mention Mata Jitu Waterfall in Sumbawa?$$Yeah, you have a nice place but why not you stay in Indonesia yous Island and let go WEST PAPUA? WEST PAPUAN ARE TOTALLY DIFFERENT IN CULTURAL FROM YOUS. PRAYING THAT GOD WILL SEND  BIG FLOOD TO WASH YOUS OUT TO THE SEA. PAY BACK FOR KILLING SO MANY WEST PAPUA.$$Piala waterfall in Luwuk, Central sulawesi.$$This is an unique waterfall.. it is at my hometown. Central Tapanuli$$Wwooowww...that all...my favourite...😍😘💋💋💋❤💙💚💛💜💖👍$$I want to go see all of these, they are awesome!$$My one is not on the list;)",,,,,,,2017-02-15T10:34:40+0000,2017,February,Wednesday,False,2017-02-15T10:34:40+0000,2017,February,Wednesday,False,3
433618953473105_734938100007854,wonderfulplacesindo,photo,Timeline Photos,"Waerebo traditional village, Flores, NTT.

📷 heriand",https://www.facebook.com/wonderfulplacesindo/photos/a.434169533418047.1073741827.433618953473105/734938100007854/?type=3,,https://scontent.xx.fbcdn.net/v/t1.0-0/s130x130/16114887_734938100007854_1636000822022402551_n.jpg?oh=d3fc2fef3fffc35190016793ee38bdfe&oe=592628D0,,https://scontent.xx.fbcdn.net/v/t1.0-9/q85/s720x720/16114887_734938100007854_1636000822022402551_n.jpg?oh=88ab254fcc63a424708c970f6405a9cf&oe=59258F39,,11095,1650,12403,223,"Been there... Beautiful place and beautiful people 🙏🏻🙏🏻💜💜$$I been there 20 years ago :D very nice and peaceful :D hope still the same$$What a great journey....a place above the clouds$$It's really awesome. When we can go there Evi Masdiana Sitorus ?$$They (the villagers) still keep their customs. Respect.$$Sheridan Sulik Suleiman
i'm thinking to go to here for the honeymoon
but the tickets are same with travel to NZ hahaha$$Kalau untuk info price and itinerary about mentawai tribe.. Kontak persons.  WhatsApp +6282298933957$$Been there. Lovely village$$You want more info about Flores? Please visit : www.floresplus.net or visit Flores Plus FB Page. Thank you",,,,,,,2017-02-08T02:22:50+0000,2017,February,Wednesday,False,2017-03-21T02:36:25+0000,2017,March,Tuesday,False,5
433618953473105_716153811886283,wonderfulplacesindo,photo,Timeline Photos,"Ngurtavur beach, Southeast Maluku.

📷 hafiedzuk23",https://www.facebook.com/wonderfulplacesindo/photos/a.434169533418047.1073741827.433618953473105/716153811886283/?type=3,,https://scontent.xx.fbcdn.net/v/t1.0-0/q82/s130x130/15781286_716153811886283_2603337273503637007_n.jpg?oh=ab07b9694f1559a364ef4872304127cf&oe=59691E5B,,https://scontent.xx.fbcdn.net/v/t1.0-9/s720x720/15781286_716153811886283_2603337273503637007_n.jpg?oh=26f5d7c24b43cd7bf0786f7e429fce6a&oe=5966345B,,10496,1640,11824,262,'Urwah Hasan Debryan Deepa here would be nice right about now,,,,,,,2017-01-03T01:09:27+0000,2017,January,Tuesday,False,2017-03-19T23:08:40+0000,2017,March,Sunday,True,3
433618953473105_712338748934456,wonderfulplacesindo,photo,Timeline Photos,"Playing with wild sharks in raja ampat.

📷 Kakaban trip",https://www.facebook.com/wonderfulplacesindo/photos/a.434169533418047.1073741827.433618953473105/712338748934456/?type=3,,https://scontent.xx.fbcdn.net/v/t1.0-0/p130x130/15747532_712338748934456_3356324466048406255_n.jpg?oh=397d9577a664e20958b01a695a8013e6&oe=5969761E,,https://scontent.xx.fbcdn.net/v/t1.0-9/p720x720/15747532_712338748934456_3356324466048406255_n.jpg?oh=0604c0cfc1459c5a4430bcc0dc5d4823&oe=596B6AE1,,8305,1311,9532,271,"u dont need travel around the world..
when u can travel around indonesia, then u will know that the world r amazing.. 😘😘😘😘$$One of the places I'm heading to during my next trip in 2 months. Raja Ampat is one of them ❤$$Luckily, they don't seem hungry,  (Hope that's not because they already ate someone.)  :-/$$Brandon Cook someday we must come here okey!!!! 💋❤😂$$Jasper Cruz Sharks, like you want to see :D",,,,,,,2016-12-26T23:59:54+0000,2016,December,Monday,False,2017-03-21T02:32:32+0000,2017,March,Tuesday,False,1
433618953473105_706641829504148,wonderfulplacesindo,photo,Timeline Photos,"Mangrove forest, Bontolebang, South sulawesi.

📷 sanovra jr",https://www.facebook.com/wonderfulplacesindo/photos/a.434169533418047.1073741827.433618953473105/706641829504148/?type=3,,https://scontent.xx.fbcdn.net/v/t1.0-0/q82/s130x130/15420917_706641829504148_3148144434477175099_n.jpg?oh=6221c9251ea6fafc56f756b153c5f474&oe=595D0A75,,https://scontent.xx.fbcdn.net/v/t31.0-8/s720x720/15577985_706641829504148_3148144434477175099_o.jpg?oh=93751244d3690f0b9cc5fcdc9e03744a&oe=5958EB1C,,4986,598,5558,68,"Your pics are lovely but are you posting from a mobile app? You might want to double check your settings to make sure you're uploading in HD. All your posts seem low resolution.$$We'll visit Sulawesi in few months. It seems to be wonderful piece of Indonesia ❤$$Indonesia sangat indah, want to visit that place one day",,,,,,,2016-12-15T03:07:14+0000,2016,December,Thursday,False,2017-03-19T18:31:13+0000,2017,March,Sunday,True,3
433618953473105_701452510023080,wonderfulplacesindo,photo,Timeline Photos,"Pergasingan hill, Lombok.

📷 the mancung",https://www.facebook.com/wonderfulplacesindo/photos/a.434169533418047.1073741827.433618953473105/701452510023080/?type=3,,https://scontent.xx.fbcdn.net/v/t1.0-0/p130x130/15380662_701452510023080_5263727944544686380_n.jpg?oh=5714ed9f012a8d8b6b017bab1f8186ba&oe=596F101B,,https://scontent.xx.fbcdn.net/v/t1.0-9/p720x720/15380662_701452510023080_5263727944544686380_n.jpg?oh=7259488b7c316c9e58ac32f9fc29dc92&oe=595EC9E4,,5184,608,5856,87,Wow rice field also got blue colour. It is so surreal! I have been to Lombok but never been to this place.$$My wife country ....beautiful$$I love my Country..... Wonderful INDONESIA.... 😘😘😘😘$$Waw i like this place,,,,,,,2016-12-06T11:02:37+0000,2016,December,Tuesday,False,2017-03-20T15:13:34+0000,2017,March,Monday,False,3
433618953473105_696798763821788,wonderfulplacesindo,photo,Photos from Wonderful Indonesia's post,"Good morning from the island of gods! 
""BALI""",https://www.facebook.com/wonderfulplacesindo/photos/a.456223381212662.1073741829.433618953473105/696797700488561/?type=3,,https://scontent.xx.fbcdn.net/v/t1.0-0/s130x130/15193469_696797700488561_7268155238068311693_n.jpg?oh=c4df09eed94e4f8c960969e24ab2d7b0&oe=596A32C9,,https://scontent.xx.fbcdn.net/v/t1.0-9/s720x720/15193469_696797700488561_7268155238068311693_n.jpg?oh=3fdcd00f7d30567e70cc0b2516db194e&oe=5956B936,Wonderful Indonesia added 6 new photos.,3546,737,3933,121,"There is nothing on earth u we use to compare heaven,""bali"" is nt like heaven as u said.$$I M here i will come bali$$Terima kazih Ibu Dia for this photos....I miss you!$$Yea if u live in Indonesia then u live as in paradise",,,,,,,2016-11-29T03:07:42+0000,2016,November,Tuesday,False,2017-03-21T22:44:20+0000,2017,March,Tuesday,False,3
433618953473105_653493398152325,wonderfulplacesindo,photo,Timeline Photos,"Kelor Island, Komodo national park, Flores, NTT province.

Kelor island is small island with white sandy beach, magnificent sea garden and colorful trophical fishes.

It's only 1.5 hours away from labuan bajo port",https://www.facebook.com/wonderfulplacesindo/photos/a.434169533418047.1073741827.433618953473105/653493398152325/?type=3,,https://scontent.xx.fbcdn.net/v/t1.0-0/p130x130/14212636_653493398152325_761145586483205343_n.jpg?oh=9227ccf3ddf8a39ae055fbb0f79c3700&oe=595B6CF9,,https://scontent.xx.fbcdn.net/v/t1.0-9/14212636_653493398152325_761145586483205343_n.jpg?oh=3703cbf559c435ebcfee25ce1992a850&oe=596AE3FF,,5551,640,5966,97,"Lost in paradise island!
Beware of the naughty fishes 😄$$The great comodo dragons are there and they look very mean. I was there in 2014 , it is really a very dry lsland$$Ayo holiday ke flores komodo island
Contac :
WA +628123600229
@winkomodotour$$Yes.Really nice island.To all traveller if you want and join for sailing around komodo island,for do aktivitY such as:trekking,swimming and snorkeling.You contact with this mobile:081337199754.thanks.Abdur Seaman$$Beautiful 💚 was there in 2014 and 2015!$$Very nice sealife there. 👍👍👍$$Seeing through my eyes, awesome! ^^$$Close to My Ikat Weaving Studio of Lepo Lorun$$I love all the sceneries just so beautiful",,,,,,,2016-09-06T10:25:40+0000,2016,September,Tuesday,False,2017-03-19T03:28:38+0000,2017,March,Sunday,True,3
433618953473105_650101148491550,wonderfulplacesindo,photo,Timeline Photos,"Ngurtafur white sand beach, Southeast Maluku.

📷 Ilham arch",https://www.facebook.com/wonderfulplacesindo/photos/a.434169533418047.1073741827.433618953473105/650101148491550/?type=3,,https://scontent.xx.fbcdn.net/v/t1.0-0/q91/s130x130/14141737_650101148491550_4680158415172020013_n.jpg?oh=fdbbf1cd0a7cadcccc9acdc2b04fd8dc&oe=59712A23,,https://scontent.xx.fbcdn.net/v/t1.0-9/14141737_650101148491550_4680158415172020013_n.jpg?oh=141c0c026b2cd8edfb79158eb55711c9&oe=59506370,,8218,1198,9166,182,"Oh god😱 indonesia has surprise me...too much gooden beach a love it 😢 GI Yessy$$Chris Baggs, hope one day I take u there or u take me there mate.. heheee$$Dewi Makhabah WOOOOWWWWW where is this place??!$$Ellen Fares i see what you did there$$Ellen Cox look at these$$Check this out Peter Januar ...LOL",,,,,,,2016-08-30T11:13:24+0000,2016,August,Tuesday,False,2017-03-18T21:41:42+0000,2017,March,Saturday,True,3
433618953473105_591271517707847,wonderfulplacesindo,photo,Timeline Photos,"Cikaso Waterfall, Sukabumi, West Java.",https://www.facebook.com/wonderfulplacesindo/photos/a.434169533418047.1073741827.433618953473105/591271517707847/?type=3,,https://scontent.xx.fbcdn.net/v/t1.0-0/s130x130/13043586_591271517707847_5028349668635046133_n.jpg?oh=b335a13dc455cdf3d1f0a6a73f963c64&oe=59598FFC,,https://scontent.xx.fbcdn.net/v/t1.0-9/s720x720/13043586_591271517707847_5028349668635046133_n.jpg?oh=b7f970cbdc01be86be44d2b19630db63&oe=59559B03,,9070,758,9619,168,"Please, to all visitors don't throw away the trash everywhere, respect the nature...$$Christine Malica Tagaully we can go here for a day trip and spa 😍😍 #baliaugust2017$$Lorry Swa im crying on the inside$$Yesterday i been at the same exact place",,,,,,,2016-04-20T02:20:33+0000,2016,April,Wednesday,False,2017-03-16T19:32:12+0000,2017,March,Thursday,False,3
433618953473105_590579307777068,wonderfulplacesindo,photo,Timeline Photos,"Jatiluwih Rice Terraces, Bali.",https://www.facebook.com/wonderfulplacesindo/photos/a.434169533418047.1073741827.433618953473105/590579307777068/?type=3,,https://scontent.xx.fbcdn.net/v/t1.0-0/p130x130/13015447_590579307777068_4326797352405137331_n.jpg?oh=387fadb093170b0dd19049be7dd5d446&oe=595D0609,,https://scontent.xx.fbcdn.net/v/t1.0-9/13015447_590579307777068_4326797352405137331_n.jpg?oh=1c95f96f204c10c1327d15258ba754c1&oe=595BD787,,9425,1045,9923,125,"Its really sad ........this was the real Bali .....before so called progress. .....guess even if you have to go further out at least there are still some of the true Bali$$Anyone who wants traveling in Bali I can drive you
If you interesting you can follow all of my social media
I'm local guide also in Bali
I know so many beautiful place in Bali$$I was talking to some Aussies yesterday and they recommended to go there, you have lunch in the rice fields$$This pict's its true,,i been there for many time,
No rubbies,,thouris love be there,$$whe bin there too, its very beautyfull panorama$$It will gone in 20 years or less... if we just dont care..$$I'm Balinese & I'm very proud to be Balinese
I❤️ Bali so much
This is beautiful view in Bali
There are still many beautiful place in Bali like this place$$can't believe that I'm from Tbanaan and haven't been to this wonderful place :D$$We just went there, 😃 and the place is less pollution",,,,,,,2016-04-18T12:07:43+0000,2016,April,Monday,False,2017-03-16T19:33:03+0000,2017,March,Thursday,False,3
433618953473105_590363704465295,wonderfulplacesindo,photo,Timeline Photos,"Rumah Gadang, Traditional house of West Sumatera.",https://www.facebook.com/wonderfulplacesindo/photos/a.434169533418047.1073741827.433618953473105/590363704465295/?type=3,,https://scontent.xx.fbcdn.net/v/t1.0-0/s130x130/13006722_590363704465295_4542537041246023221_n.jpg?oh=4b2651f18ca9505daedd3c91321ade87&oe=5972D9F0,,https://scontent.xx.fbcdn.net/v/t1.0-9/s720x720/13006722_590363704465295_4542537041246023221_n.jpg?oh=44b72d7419e322a612d70587c9dd96c3&oe=595DC50F,,7754,516,8190,100,"Catherine Flynn, this is at my home province, west sumatera. It's called ""Rumah Gadang"" means ""Big House"" and Minangkabau is the name of the culture.$$Let's go to west Sumatera Naekyung Lee....it is a great place and the food extremly delicious....and so spicy...$$Nur Tabbaa, this is Minangkabau traditional house, where my parents and I are originally from. ""Rumah gadang"" literally means ""big house"".$$Good morning, have a nice day all of you$$May i share this pic to travel blog?$$Kibo has told me all about this. An amazing and practical construction 😊",,,,,,,2016-04-17T23:46:54+0000,2016,April,Sunday,True,2017-03-14T12:04:19+0000,2017,March,Tuesday,False,5
433618953473105_569475739887425,wonderfulplacesindo,photo,Timeline Photos,"Matajitu Waterfall, Moyo Island, NTB 

© muhammad hanif",https://www.facebook.com/wonderfulplacesindo/photos/a.434169533418047.1073741827.433618953473105/569475739887425/?type=3,,https://scontent.xx.fbcdn.net/v/t1.0-0/p130x130/12814373_569475739887425_5516219886380247449_n.jpg?oh=d95156e2151a803cef7324dde2996d1c&oe=597072A8,,https://scontent.xx.fbcdn.net/v/t1.0-9/12814373_569475739887425_5516219886380247449_n.jpg?oh=ea25f25c5a0c404ed4e68b4411277fa1&oe=59660526,,8912,897,9728,152,"Everone will make a bussiness , Entry fee thru the village for passing by to the waterfall...but the village so full of litter , and also on the waterfall : all over plastic around . Why they not give a small salary for youngsters to clean this place nicely ? Also to use the rope there fo rhave a fun can getting dangerous, bcz. is just a simply knot , and could be easier more safe , when have two knots and dwell two smaller ropes together.$$How much would it cost to go here from Jakarta for 2 ppl  ?",,,,,,,2016-03-13T09:38:31+0000,2016,March,Sunday,True,2017-03-16T13:56:39+0000,2017,March,Thursday,False,3
433618953473105_568903766611289,wonderfulplacesindo,photo,Timeline Photos,Canoeing on the seaside of Raja Ampat.,https://www.facebook.com/wonderfulplacesindo/photos/a.434169533418047.1073741827.433618953473105/568903766611289/?type=3,,https://scontent.xx.fbcdn.net/v/t1.0-0/q86/p130x130/10170922_568903766611289_3815550465552109288_n.jpg?oh=d8568147fa6264e1beffcb4d440855f8&oe=595A5E90,,https://scontent.xx.fbcdn.net/v/t1.0-9/10170922_568903766611289_3815550465552109288_n.jpg?oh=5285354946aac336da1b2e9932767b3e&oe=5950615C,,4603,296,4891,28,"For Raja Ampat Tour information ,you can call our Travel ""Raja Ampat Tour & Travel"" 
082189384823
Thanks$$Yasmin Hakim: this is another to die for to visit...$$Let's get a boat together! Food for thought?$$I always dream back for 1st n my last destination to go there$$It's heaven on earth... I wish I could be there....",,,,,,,2016-03-12T11:04:20+0000,2016,March,Saturday,True,2017-01-15T00:40:24+0000,2017,January,Sunday,True,1
433618953473105_565428596958806,wonderfulplacesindo,photo,Timeline Photos,"Leuwi Hejo Waterfall, Bogor, West Java.

© Ambo Reynaldi",https://www.facebook.com/wonderfulplacesindo/photos/a.434169533418047.1073741827.433618953473105/565428596958806/?type=3,,https://scontent.xx.fbcdn.net/v/t1.0-0/q86/p130x130/12800336_565428596958806_1535320695886197248_n.jpg?oh=1356a21d54b07a21706c30295db6e9ec&oe=5966F4FF,,https://scontent.xx.fbcdn.net/v/t1.0-9/12800336_565428596958806_1535320695886197248_n.jpg?oh=8366441fc012afb44a6e1fd46863dcfc&oe=59737233,,4374,442,4665,120,"Why did God not make me a citizen of Indonesia? So beautiful! 

...hopefully the man upstairs (God) makes up for it in the 2nd half of my life.$$Ochie, u know this place?",,,,,,,2016-03-03T14:26:09+0000,2016,March,Thursday,False,2017-03-18T10:40:08+0000,2017,March,Saturday,True,3
433618953473105_560306714137661,wonderfulplacesindo,photo,Timeline Photos,"Great photo from the top of Padar Island, Flores.",https://www.facebook.com/wonderfulplacesindo/photos/a.434169533418047.1073741827.433618953473105/560306714137661/?type=3,,https://scontent.xx.fbcdn.net/v/t1.0-0/p130x130/12742837_560306714137661_4520813346521622139_n.jpg?oh=a8ff5f77cf2e7fa56fed6b12ea8a717e&oe=59667779,,https://scontent.xx.fbcdn.net/v/t1.0-9/12742837_560306714137661_4520813346521622139_n.jpg?oh=06d552589b4de14013dbb6976a7a7cd8&oe=59729BF7,,2798,270,2898,40,"flores surgax tempat wisata$$The next of my trip coming soon 
This island waiting for list 😉$$Awesome photo of a wonderful place.  If the photographer had three hadns would he have three cameras?$$Radha Kulkarni in case you have spare time to exploring things outside Jakarta$$I so want to do this.",,,,,,,2016-02-19T06:49:54+0000,2016,February,Friday,False,2016-11-29T10:43:18+0000,2016,November,Tuesday,False,3
433618953473105_560258114142521,wonderfulplacesindo,photo,Timeline Photos,"Pink Beach, Flores.

© anuakbar",https://www.facebook.com/wonderfulplacesindo/photos/a.434169533418047.1073741827.433618953473105/560258114142521/?type=3,,https://scontent.xx.fbcdn.net/v/t1.0-0/p130x130/12717509_560258114142521_2659232251291571037_n.jpg?oh=dd255546e8bc05aa98cfcefc137a5287&oe=59557AFD,,https://scontent.xx.fbcdn.net/v/t1.0-9/12717509_560258114142521_2659232251291571037_n.jpg?oh=4a542b8d6d25da3946b61df804ed2d95&oe=596D1C73,,1712,133,1757,13,sweet  area  but  why  is  he  walking in  wet  footwear ouch ;)$$Gitcha Chandraswari Heroe honey moon in may???,,,,,,,2016-02-19T03:24:58+0000,2016,February,Friday,False,2017-01-12T09:50:38+0000,2017,January,Thursday,False,3
433618953473105_559899864178346,wonderfulplacesindo,photo,Timeline Photos,"Kawah Putih (White Crater), Ciwidey, Bandung. 

© Faris Fajri",https://www.facebook.com/wonderfulplacesindo/photos/a.434169533418047.1073741827.433618953473105/559899864178346/?type=3,,https://scontent.xx.fbcdn.net/v/t1.0-0/p130x130/10411325_559899864178346_8396669933492197979_n.jpg?oh=d00cf84403d995e0cfcd278f86aeff32&oe=596A6F08,,https://scontent.xx.fbcdn.net/v/t1.0-9/10411325_559899864178346_8396669933492197979_n.jpg?oh=f301f071c32bbe214994a3c391819d10&oe=59503386,,2231,244,2300,47,"Franck Priot Cheri, here is in Bandung ;)",,,,,,,2016-02-18T02:58:58+0000,2016,February,Thursday,False,2016-12-20T14:55:22+0000,2016,December,Tuesday,False,1
433618953473105_557248347776831,wonderfulplacesindo,photo,Timeline Photos,"Ternate city, The capital city of North Maluku Province.

©Ilham Arch",https://www.facebook.com/wonderfulplacesindo/photos/a.434169533418047.1073741827.433618953473105/557248347776831/?type=3,,https://scontent.xx.fbcdn.net/v/t1.0-0/s130x130/12733515_557248347776831_3353525359874182962_n.jpg?oh=c26aebd51838f9718c73e59fde714fde&oe=595AAFD2,,https://scontent.xx.fbcdn.net/v/t1.0-9/12733515_557248347776831_3353525359874182962_n.jpg?oh=5e6299a71dd09cd96314ba37c823c2cb&oe=596D274F,,1925,265,1994,44,The Capital of North Maluku is Sofifi not Ternate.$$Ternate my home town 👍💖,,,,,,,2016-02-10T23:41:01+0000,2016,February,Wednesday,False,2017-03-15T15:17:37+0000,2017,March,Wednesday,False,5
433618953473105_556879377813728,wonderfulplacesindo,photo,Timeline Photos,"Playing with friendly wild sharks in Wayag island, Raja ampat, Papua.

Dare you do that?",https://www.facebook.com/wonderfulplacesindo/photos/a.434169533418047.1073741827.433618953473105/556879377813728/?type=3,,https://scontent.xx.fbcdn.net/v/t1.0-0/q81/p130x130/10291759_556879377813728_236160676253838806_n.jpg?oh=72413de6cdb5b8f0417563963350e214&oe=5969A2BC,,https://scontent.xx.fbcdn.net/v/t1.0-9/10291759_556879377813728_236160676253838806_n.jpg?oh=d870ff88900d330fbfe4e63de3a597a0&oe=596D2E89,,2593,428,2741,106,"Only three types of sharks which a bit harmful: Great white shark, Tiger Shark and Bull shark.
So, black tip shark mostly harmless (no worries).$$I am in Biak Papua..not far from its..biak has wonderful beaches too😊$$I'd do it for a few second to get a cool pic for Facebook. Then run out of the water as fast as I could. 😬😬 they're sharks and they can snap anytime. There's a reason they are called predators not friendly animals.$$Black tip reef sharks. Totally harmless.$$Dont say were it is theyll end up in soup bowls$$Jiaoying Bi this is raja ampat which I was talking about$$For Raja Ampat Tour information ,you can call our Travel ""Raja Ampat Tour & Travel"" 
082189384823
Thanks$$They're just black tips!$$I see the same picture on the same page but the last time it was writen Karimun jawa. Mana yang betul?$$Harmless or not i will run like crazy if i meet them in the water",,,,,,,2016-02-10T02:41:10+0000,2016,February,Wednesday,False,2017-03-20T23:13:37+0000,2017,March,Monday,False,3
433618953473105_555096364658696,wonderfulplacesindo,photo,Timeline Photos,"The Lodge Lembang, Bandung, West Java. 

© whelly herlina",https://www.facebook.com/wonderfulplacesindo/photos/a.434169533418047.1073741827.433618953473105/555096364658696/?type=3,,https://scontent.xx.fbcdn.net/v/t1.0-0/s130x130/12670618_555096364658696_4878514609739414614_n.jpg?oh=7fcef75f398709003e9676d8e62f7bd6&oe=59576FF4,,https://scontent.xx.fbcdn.net/v/t1.0-9/12670618_555096364658696_4878514609739414614_n.jpg?oh=7ddc4318c9557c93eaa84adb81e130e6&oe=5957FC69,,1263,119,1306,28,"Heather Jennifer not too far from Jakarta!$$Please Like, Share n Subcribe ... Thanks https://www.youtube.com/channel/UC4gD5HNLue2u0Zf7tCfmOOQ https://www.youtube.com/watch?v=VZor_5NlZwg http://fljaktim.blogspot.co.id/p/blog-page.html",,,,,,,2016-02-06T01:42:20+0000,2016,February,Saturday,True,2017-03-15T08:24:54+0000,2017,March,Wednesday,False,5
433618953473105_554479551387044,wonderfulplacesindo,photo,Timeline Photos,"Gentong Waterfall, Bogor, West Java. 

© amboreynaldi",https://www.facebook.com/wonderfulplacesindo/photos/a.434169533418047.1073741827.433618953473105/554479551387044/?type=3,,https://scontent.xx.fbcdn.net/v/t1.0-0/p130x130/12592455_554479551387044_7835550372372603874_n.jpg?oh=004aae2b561154a8193a227b6c595910&oe=59600D7D,,https://scontent.xx.fbcdn.net/v/t1.0-9/12592455_554479551387044_7835550372372603874_n.jpg?oh=17803371022b75dab172e34b66c620bb&oe=592592F3,,1356,176,1383,28,How about this place Rina?? :)$$Giam Chung Yuen...another one$$Frido Yk Deroock do you know this one?,,,,,,,2016-02-04T12:37:37+0000,2016,February,Thursday,False,2017-03-18T10:45:32+0000,2017,March,Saturday,True,3
433618953473105_553810471453952,wonderfulplacesindo,photo,Timeline Photos,"Hawang cave, Kei island, Southeast Maluku.

© her_journeys",https://www.facebook.com/wonderfulplacesindo/photos/a.434169533418047.1073741827.433618953473105/553810471453952/?type=3,,https://scontent.xx.fbcdn.net/v/t1.0-0/s130x130/12647051_553810471453952_4362448476325221277_n.jpg?oh=db4b7c5400b51a9b954b40b6d1f98c07&oe=5953EAF1,,https://scontent.xx.fbcdn.net/v/t1.0-9/12647051_553810471453952_4362448476325221277_n.jpg?oh=27e8ece0fcd962ae1bc9f2649e53fca9&oe=5971B16C,,1233,156,1285,18,"Look Anna, what we didn´t visit in Kei island :(",,,,,,,2016-02-02T10:44:51+0000,2016,February,Tuesday,False,2017-03-16T13:52:09+0000,2017,March,Thursday,False,3
433618953473105_549995121835487,wonderfulplacesindo,photo,Photos from Wonderful Indonesia's post,"Playing with wild sharks and enjoy the crystal clear waters of Raja ampat.

© Kakaban Trip",https://www.facebook.com/wonderfulplacesindo/photos/a.456223381212662.1073741829.433618953473105/549994591835540/?type=3,,https://scontent.xx.fbcdn.net/v/t1.0-0/q83/p130x130/12507310_549994591835540_828753184518018678_n.jpg?oh=10ff9920d2889962c4053fb31e753f44&oe=59648626,,https://scontent.xx.fbcdn.net/v/t1.0-9/12507310_549994591835540_828753184518018678_n.jpg?oh=cd15573d510b21c61679b0a125d91775&oe=5968504C,Wonderful Indonesia added 4 new photos.,873,189,873,43,"not white pointers though Kerrie$$Mon cœur William Massias, allez ici$$Next destination? Theresia Gustan",,,,,,,2016-01-22T12:56:34+0000,2016,January,Friday,False,2016-01-22T13:10:02+0000,2016,January,Friday,False,1
433618953473105_547713035397029,wonderfulplacesindo,photo,Timeline Photos,"Temam waterfall, Lubuklinggau - South Sumatera.",https://www.facebook.com/wonderfulplacesindo/photos/a.434169533418047.1073741827.433618953473105/547713035397029/?type=3,,https://scontent.xx.fbcdn.net/v/t1.0-0/p130x130/923517_547713035397029_1397773646728611672_n.jpg?oh=7e7e47ac24f3521a897e26c1944e2ee1&oe=595F55EE,,https://scontent.xx.fbcdn.net/v/t1.0-9/923517_547713035397029_1397773646728611672_n.jpg?oh=2dbc1e293fbc05d424f0437541256e6d&oe=596D7579,,929,128,952,13,I whish can go there,,,,,,,2016-01-16T01:37:29+0000,2016,January,Saturday,True,2016-11-30T03:07:41+0000,2016,November,Wednesday,False,3
433618953473105_543084995859833,wonderfulplacesindo,photo,Timeline Photos,"Pink beach, Komodo national park,  Flores.

© Alfin Fransly",https://www.facebook.com/wonderfulplacesindo/photos/a.434169533418047.1073741827.433618953473105/543084995859833/?type=3,,https://scontent.xx.fbcdn.net/v/t1.0-0/q86/p130x130/10373_543084995859833_6819278923868353005_n.jpg?oh=126b53a33e10202e1c9a0ab047617197&oe=597343E0,,https://scontent.xx.fbcdn.net/v/t1.0-9/10373_543084995859833_6819278923868353005_n.jpg?oh=c8585f08f626e67381f9271d459420f5&oe=59567D1B,,754,95,764,11,"Not really 'pink' like this. I was here yesterday. Here is pink beach n my pict No Edit n No Filter at all, its nature$$My dream place...when I come to Komodo Island$$i'm interested with this place",,,,,,,2016-01-03T07:42:33+0000,2016,January,Sunday,True,2016-08-22T15:04:15+0000,2016,August,Monday,False,3
433618953473105_541713869330279,wonderfulplacesindo,photo,Timeline Photos,"Git Git Waterfall,  Bali",https://www.facebook.com/wonderfulplacesindo/photos/a.434169533418047.1073741827.433618953473105/541713869330279/?type=3,,https://scontent.xx.fbcdn.net/v/t1.0-0/s130x130/10356341_541713869330279_6955113889208112467_n.jpg?oh=90e4f87535a8454efa2f22d34322d4fd&oe=5956F54B,,https://scontent.xx.fbcdn.net/v/t1.0-9/10356341_541713869330279_6955113889208112467_n.jpg?oh=11ac8abc5f6c43a812b9c3ffdc1e3d66&oe=5951C8D6,,998,211,1015,30,What part of git git waterfalls is this? I didn't see this part?$$We need to look into this Rob Bateman :-)$$Szymon Kręźałek 😍😍 we should go there 😫,,,,,,,2015-12-30T14:46:40+0000,2015,December,Wednesday,False,2016-11-20T11:21:56+0000,2016,November,Sunday,True,3
433618953473105_534924870009179,wonderfulplacesindo,photo,Timeline Photos,"Iboih Island, Aceh.

© Fariz Hidayat",https://www.facebook.com/wonderfulplacesindo/photos/a.434169533418047.1073741827.433618953473105/534924870009179/?type=3,,https://scontent.xx.fbcdn.net/v/t1.0-0/p130x130/12347886_534924870009179_2281394150881680404_n.jpg?oh=5abc0a2cb6ec81f06296f93cf0e98b86&oe=59651531,,https://scontent.xx.fbcdn.net/v/t1.0-9/12347886_534924870009179_2281394150881680404_n.jpg?oh=d92da314910a4c219559d06502069cfc&oe=596E7ABF,,496,57,500,6,No Aceh for me thanks👎👎👎:(,,,,,,,2015-12-13T09:12:12+0000,2015,December,Sunday,True,2016-06-24T05:42:50+0000,2016,June,Friday,False,3
433618953473105_530477210453945,wonderfulplacesindo,photo,Timeline Photos,"Ngurtafur's white sand beach in the Kei archipelago, Southeast Maluku.",https://www.facebook.com/wonderfulplacesindo/photos/a.434169533418047.1073741827.433618953473105/530477210453945/?type=3,,https://scontent.xx.fbcdn.net/v/t1.0-0/q82/s130x130/12243514_530477210453945_2427398649788926306_n.jpg?oh=c7291177e1b1a4f4b375fa9d50ec37f2&oe=59703E77,,https://scontent.xx.fbcdn.net/v/t1.0-9/12243514_530477210453945_2427398649788926306_n.jpg?oh=48141d74cba5b9238e2e92fe40d928fe&oe=595AB915,,500,95,506,12,"Beautiful photos, color enhancements are frequently overdone, making it look unnatural. The blues too blue, and pink sand beach too pink. Otherwise, most photos are excellent",,,,,,,2015-11-27T15:46:48+0000,2015,November,Friday,False,2016-08-22T15:10:46+0000,2016,August,Monday,False,3
433618953473105_530138273821172,wonderfulplacesindo,photo,Timeline Photos,"Pink Beach, Flores, NTT.

© Barry Kusuma",https://www.facebook.com/wonderfulplacesindo/photos/a.434169533418047.1073741827.433618953473105/530138273821172/?type=3,,https://scontent.xx.fbcdn.net/v/t1.0-0/p130x130/12313782_530138273821172_6912143076022779970_n.jpg?oh=0f49c95d5c301786fd71b5ed3c9e43c0&oe=59731620,,https://scontent.xx.fbcdn.net/v/t1.0-9/12313782_530138273821172_6912143076022779970_n.jpg?oh=6292c47f5a0129bbc4fdf0cc2bf81dd4&oe=597289AE,,591,96,594,17,"Isn't nature wonderful, the colours are beautiful.$$Henry Lumentut Yes please!",,,,,,,2015-11-26T11:19:24+0000,2015,November,Thursday,False,2016-06-21T08:36:50+0000,2016,June,Tuesday,False,3
433618953473105_529796080522058,wonderfulplacesindo,photo,Timeline Photos,"The never ending beauty of Raja ampat.

© Amazing Places To Visit",https://www.facebook.com/wonderfulplacesindo/photos/a.434169533418047.1073741827.433618953473105/529796080522058/?type=3,,https://scontent.xx.fbcdn.net/v/t1.0-0/s130x130/12294771_529796080522058_9077867381960017545_n.jpg?oh=54e9fc6ecd347169c5726d8dba2ab21f&oe=595195F2,,https://scontent.xx.fbcdn.net/v/t1.0-9/s720x720/12294771_529796080522058_9077867381960017545_n.jpg?oh=92136614484f33cdf8508e303ed45d17&oe=5960830D,,425,91,431,12,"a place that must you visit before die :)$$Amazing 2 trip there..I love it$$Please help me to like my pict in sebra waterfall..  one of highest waterfall in sumbawa bali indonesia, https://instagram.com/p/-Z5bEuM4mr/   thank you",,,,,,,2015-11-25T09:15:21+0000,2015,November,Wednesday,False,2016-08-13T09:02:28+0000,2016,August,Saturday,True,1
433618953473105_528731373961862,wonderfulplacesindo,photo,Timeline Photos,"Rain forest of Kalimantan (Borneo).
Amazing photo by Tim Laman - Wildlife Photojournalist",https://www.facebook.com/wonderfulplacesindo/photos/a.434169533418047.1073741827.433618953473105/528731373961862/?type=3,,https://scontent.xx.fbcdn.net/v/t1.0-0/q88/s130x130/12227574_528731373961862_345028300790212283_n.jpg?oh=bf961c19cbbb21e65039fa8989d90603&oe=5954290B,,https://scontent.xx.fbcdn.net/v/t1.0-9/q81/s720x720/12227574_528731373961862_345028300790212283_n.jpg?oh=9f04992927dcd73cb2f5a12fcc1205bb&oe=59265047,,357,52,364,10,It really looks like a painting wow$$Before it's cut down.,,,,,,,2015-11-21T14:22:43+0000,2015,November,Saturday,True,2015-11-26T12:13:33+0000,2015,November,Thursday,False,3
433618953473105_528387033996296,wonderfulplacesindo,photo,Timeline Photos,"Tiu Kelep Waterfall, LOMBOK.

Photo Credit to : Ingga Suwandana",https://www.facebook.com/wonderfulplacesindo/photos/a.434169533418047.1073741827.433618953473105/528387033996296/?type=3,,https://scontent.xx.fbcdn.net/v/t1.0-0/p130x130/12112457_528387033996296_1064501449915656438_n.jpg?oh=2f9cfd38138a8975ba5b5f8e44199ce5&oe=596A553D,,https://scontent.xx.fbcdn.net/v/t1.0-9/12112457_528387033996296_1064501449915656438_n.jpg?oh=fe2928b85748e2a6c5d5a801a4ca674c&oe=596779B3,,456,78,461,8,That's nice.Some action,,,,,,,2015-11-20T10:16:37+0000,2015,November,Friday,False,2016-08-09T16:27:47+0000,2016,August,Tuesday,False,3
433618953473105_528302387338094,wonderfulplacesindo,photo,Timeline Photos,"Goa Jomblang, Yogyakarta.

Photo credit to : Best Vacations",https://www.facebook.com/wonderfulplacesindo/photos/a.434169533418047.1073741827.433618953473105/528302387338094/?type=3,,https://scontent.xx.fbcdn.net/v/t1.0-0/q86/p130x130/12246794_528302387338094_293624137865073804_n.jpg?oh=6eda15db1fd9ebb1a8e85de85c638b6c&oe=59650808,,https://scontent.xx.fbcdn.net/v/t1.0-9/12246794_528302387338094_293624137865073804_n.jpg?oh=fccbbd2582fde468d9467dc1d4b7e69c&oe=59278A53,,619,150,621,21,Are you in jogja? Please visit u! http://www.twdriverjogja.com/ Trip smart & satisfaction in your frame! Hotline/whatsapp +62 8122 6268 813,,,,,,,2015-11-20T01:51:21+0000,2015,November,Friday,False,2017-02-10T00:49:48+0000,2017,February,Friday,False,4
433618953473105_527853587382974,wonderfulplacesindo,photo,Timeline Photos,"Cikaso Waterfall, Sukabumi, West Java.",https://www.facebook.com/wonderfulplacesindo/photos/a.434169533418047.1073741827.433618953473105/527853587382974/?type=3,,https://scontent.xx.fbcdn.net/v/t1.0-0/s130x130/12234965_527853587382974_1262940719221734588_n.jpg?oh=5914d243768e6d02743e7a6ad9aafc5b&oe=595BA783,,https://scontent.xx.fbcdn.net/v/t1.0-0/p480x480/12234965_527853587382974_1262940719221734588_n.jpg?oh=51f3446815c725cd3adcd9d2059fda12&oe=596F70A5,,454,87,458,16,"🏡Siam Vacation Travel Co.,Ltd.
📞Tel: (662)974-3318-9
📠Fax: (662)974-3317
Email: siamvt_bkk@hotmail.com

Guide: Ari (NOAH) Bangkok 
📱+66 832 610 402
📞+66 844 633 717
Line Id: anirut.aromah
Instagram: anirut.aromah32
Email:anirutaromah32@gmail.com

Ayo2 thailand",,,,,,,2015-11-18T11:40:55+0000,2015,November,Wednesday,False,2015-11-23T11:57:58+0000,2015,November,Monday,False,3
433618953473105_526909824144017,wonderfulplacesindo,photo,Timeline Photos,"Tegenungan waterfall, BALI

Photo credit to : Imachicnation",https://www.facebook.com/wonderfulplacesindo/photos/a.434169533418047.1073741827.433618953473105/526909824144017/?type=3,,https://scontent.xx.fbcdn.net/v/t1.0-0/s130x130/12234859_526909824144017_3206799082150936177_n.jpg?oh=2664e18f58191e9ccffcc4e818955858&oe=597351C1,,https://scontent.xx.fbcdn.net/v/t1.0-9/12234859_526909824144017_3206799082150936177_n.jpg?oh=fd80dac00c4a95034e828e1264d5cb80&oe=5952525C,,861,212,864,46,"If you visit Tegenungan waterfall ..please come to warung Norway :-)$$It's NOT artificial water park....It is BALI Indonesia$$I was there last week,dirty muddy water$$""Borobudur Sunrise""Please Visit Us! http://www.twdriverjogja.com/       Trip smart & satisfaction in your frame! Hotline/WhatsApp +62 812-2626-8813",,,,,,,2015-11-15T00:57:56+0000,2015,November,Sunday,True,2015-11-21T15:14:37+0000,2015,November,Saturday,True,3
433618953473105_526090117559321,wonderfulplacesindo,photo,Timeline Photos,"Madakaripura Waterfall, Probolinggo, East Java.
 
Photo by : Yvdhy Blacktoner Mark III",https://www.facebook.com/wonderfulplacesindo/photos/a.434169533418047.1073741827.433618953473105/526090117559321/?type=3,,https://scontent.xx.fbcdn.net/v/t1.0-0/p130x130/12115474_526090117559321_3983339038223646093_n.jpg?oh=6890cfbf2501f56c8554f8302eb12013&oe=596AB564,,https://scontent.xx.fbcdn.net/v/t1.0-9/12115474_526090117559321_3983339038223646093_n.jpg?oh=f38c40771eaaab639a13b6170c04bc07&oe=596148EA,,447,84,452,6,"One of the best waterfalls in indonesia$$Please help me to like my pict in sebra waterfall..  one of highest waterfall in sumbawa bali indonesia, https://instagram.com/p/-Z5bEuM4mr/   thank you",,,,,,,2015-11-12T09:47:00+0000,2015,November,Thursday,False,2015-11-12T11:41:02+0000,2015,November,Thursday,False,3
433618953473105_526038784231121,wonderfulplacesindo,photo,Timeline Photos,"Pink beach, Flores from above.",https://www.facebook.com/wonderfulplacesindo/photos/a.434169533418047.1073741827.433618953473105/526038784231121/?type=3,,https://scontent.xx.fbcdn.net/v/t1.0-0/q85/p130x130/12240114_526038784231121_5449288447262994375_n.jpg?oh=124d1d7523e622b6306deff688795786&oe=5967F4EE,,https://scontent.xx.fbcdn.net/v/t1.0-9/12240114_526038784231121_5449288447262994375_n.jpg?oh=7eccfd8ac2f8356a4ed514a45fa80bd1&oe=59272F63,,733,143,735,20,What a beautiful image! I believe whoever took this pic should have been mentioned here. I am sure this pic is copyrighted.$$David Tigan Christian,,,,,,,2015-11-12T06:28:04+0000,2015,November,Thursday,False,2015-11-17T21:42:55+0000,2015,November,Tuesday,False,3
433618953473105_525511117617221,wonderfulplacesindo,photo,Timeline Photos,"Pusuk buhit, Lake Toba, North Sumatera.",https://www.facebook.com/wonderfulplacesindo/photos/a.434169533418047.1073741827.433618953473105/525511117617221/?type=3,,https://scontent.xx.fbcdn.net/v/t1.0-0/p130x130/12191047_525511117617221_7556310075559645734_n.jpg?oh=06d07f4ea35b3260f52b0019cecae345&oe=595FE9C0,,https://scontent.xx.fbcdn.net/v/t1.0-9/12191047_525511117617221_7556310075559645734_n.jpg?oh=66e9386887678ec4840e3e667966b06d&oe=59666C4E,,998,193,1006,38,"Is very beautiful it was long time ago I have visited 👍 ada lagi danau singkarak juga bagus$$Please help me to like my pict in sebra waterfall..  one of highest waterfall in sumbawa bali indonesia, https://instagram.com/p/-Z5bEuM4mr/   thank you",,,,,,,2015-11-10T10:05:33+0000,2015,November,Tuesday,False,2016-06-07T04:35:01+0000,2016,June,Tuesday,False,3
433618953473105_521914461310220,wonderfulplacesindo,photo,Timeline Photos,Jakarta city in the afternoon,https://www.facebook.com/wonderfulplacesindo/photos/a.434169533418047.1073741827.433618953473105/521914461310220/?type=3,,https://scontent.xx.fbcdn.net/v/t1.0-0/p130x130/12191952_521914461310220_6257858173178211217_n.jpg?oh=e153911ed9b53a836b40f3ecee07312e&oe=5959C148,,https://scontent.xx.fbcdn.net/v/t1.0-9/12191952_521914461310220_6257858173178211217_n.jpg?oh=a07bb3607a7c0b3e732a5b02fd3d4ca4&oe=59633EC6,,309,35,309,19,Gatsu in the afternoon without traffic jam?? :D pasti fotonya pas lebaran niy :p$$What happened to the cars?  No traffic jam in the middle of the afternoon?$$So much nicer to drive city in Mexico City - just go there when was neded for embassy otyerwise bettet guve me tge vali macet,,,,,,,2015-10-29T09:00:05+0000,2015,October,Thursday,False,2016-01-18T12:41:22+0000,2016,January,Monday,False,5
433618953473105_521409808027352,wonderfulplacesindo,photo,Timeline Photos,"Tiu kelep waterfall, Lombok",https://www.facebook.com/wonderfulplacesindo/photos/a.434169533418047.1073741827.433618953473105/521409808027352/?type=3,,https://scontent.xx.fbcdn.net/v/t1.0-0/p130x130/12193331_521409808027352_3164858281015558320_n.jpg?oh=c18e1aaa44d1924e23a54bcc0635c25f&oe=59545BD8,,https://scontent.xx.fbcdn.net/v/t1.0-9/12193331_521409808027352_3164858281015558320_n.jpg?oh=a4c8a0384b1f593fd58bafdad226b63b&oe=5968E256,,374,68,375,6,have you been here? :p Anna Maryana,,,,,,,2015-10-27T13:21:13+0000,2015,October,Tuesday,False,2015-11-02T12:00:16+0000,2015,November,Monday,False,3
433618953473105_521048218063511,wonderfulplacesindo,photo,Timeline Photos,"Git Git Waterfall, Bali",https://www.facebook.com/wonderfulplacesindo/photos/a.434169533418047.1073741827.433618953473105/521048218063511/?type=3,,https://scontent.xx.fbcdn.net/v/t1.0-0/s130x130/10393874_521048218063511_8331995580697950662_n.jpg?oh=7ec57b6e12a61d82b8edc69a0e840efa&oe=5969F584,,https://scontent.xx.fbcdn.net/v/t1.0-9/10393874_521048218063511_8331995580697950662_n.jpg?oh=16153d457ef98ab59e399105141e5d9b&oe=59605F19,,653,169,653,36,"This is around 2 hrs North of Kuta. We're happy to take you and your friends. $60 per car for up to 7 people. We can show you some other amazing sights on the way. Book now as we get very busy Made Suarjana Prestige Driving Service$$Remember this place very well was beautiful$$Kylie Riordan we need to do something like this next time$$Wooo that nice photo   and true mate$$are you in Yogyakarta Please Visit Us! http://www.twdriverjogja.com/       Trip smart & satisfaction in your frame! Hotline/WhatsApp +62 812-2626-8813.$$Yum Yum Bali Driver where is this. How far how much to go. Xx$$Putu Yogi Sudibya can u take us here next time ( oct 16 )$$Indonesia very very beautiful.
Indonesia alwys amazing ;)
I love Indonesia.",,,,,,,2015-10-26T08:34:41+0000,2015,October,Monday,False,2015-11-03T05:25:30+0000,2015,November,Tuesday,False,3
433618953473105_520273281474338,wonderfulplacesindo,photo,Timeline Photos,"Cimahi waterfall, Cisarua, Bandung, West Java.",https://www.facebook.com/wonderfulplacesindo/photos/a.434169533418047.1073741827.433618953473105/520273281474338/?type=3,,https://scontent.xx.fbcdn.net/v/t1.0-0/p130x130/12019985_520273281474338_5247073728503408894_n.jpg?oh=bcc473bfcb60d7631d969a1f539cd532&oe=5954A7A1,,https://scontent.xx.fbcdn.net/v/t1.0-9/12019985_520273281474338_5247073728503408894_n.jpg?oh=21f1acdad0e55848dee97a2e7ca65447&oe=5926F02F,,918,261,922,47,next time i'll be there😁,,,,,,,2015-10-23T14:35:01+0000,2015,October,Friday,False,2017-02-11T13:37:05+0000,2017,February,Saturday,True,3
433618953473105_514079538760379,wonderfulplacesindo,photo,Timeline Photos,"Papandayan Dead Forest, West Java.",https://www.facebook.com/wonderfulplacesindo/photos/a.434169533418047.1073741827.433618953473105/514079538760379/?type=3,,https://scontent.xx.fbcdn.net/v/t1.0-0/p130x130/12140725_514079538760379_3638243027921247187_n.jpg?oh=90edf6389c2d894c5fceec3303b2d7ea&oe=592869FB,,https://scontent.xx.fbcdn.net/v/t1.0-9/12140725_514079538760379_3638243027921247187_n.jpg?oh=37f11dcca8bb8f07092b481af35f2f8d&oe=5963FC75,,179,18,179,6,I'd love to climb this mountain,,,,,,,2015-10-02T13:03:05+0000,2015,October,Friday,False,2015-10-21T11:18:56+0000,2015,October,Wednesday,False,3
433618953473105_513934018774931,wonderfulplacesindo,photo,Timeline Photos,"Cikaso Waterfall, Sukabumi, West Java.",https://www.facebook.com/wonderfulplacesindo/photos/a.434169533418047.1073741827.433618953473105/513934018774931/?type=3,,https://scontent.xx.fbcdn.net/v/t1.0-0/p130x130/12074951_513934018774931_817556168314448336_n.jpg?oh=ffe7984ae2bfdef77e9d864eb764b4f5&oe=59530BDC,,https://scontent.xx.fbcdn.net/v/t1.0-9/12074951_513934018774931_817556168314448336_n.jpg?oh=c7e4827554c79b18f5ce6a88ac1e0612&oe=59711BDA,,327,70,327,23,Gary Charles Tay waterfaaaaaaall,,,,,,,2015-10-01T22:53:00+0000,2015,October,Thursday,False,2016-06-23T17:42:41+0000,2016,June,Thursday,False,3
433618953473105_513743822127284,wonderfulplacesindo,photo,Timeline Photos,"Hutabolon Village, Samosir, North Sumatera.",https://www.facebook.com/wonderfulplacesindo/photos/a.434169533418047.1073741827.433618953473105/513743822127284/?type=3,,https://scontent.xx.fbcdn.net/v/t1.0-0/p130x130/12088148_513743822127284_8332493168047409896_n.jpg?oh=81935ad67a35222bff7cbbb5df514118&oe=5970F98D,,https://scontent.xx.fbcdn.net/v/t1.0-9/12088148_513743822127284_8332493168047409896_n.jpg?oh=3a0676486e92849f63b956f340ff4900&oe=59269D03,,233,27,233,10,wow.... its beautiful... im looking forward to visit this place... thank you sandy rudiart sandagang.:)$$Adhy Alba It's so beautiful$$Is it a church over there? Wow!$$Gerald John How about ths church,,,,,,,2015-10-01T09:29:36+0000,2015,October,Thursday,False,2015-10-20T23:04:07+0000,2015,October,Tuesday,False,5
433618953473105_512194005615599,wonderfulplacesindo,photo,Timeline Photos,"Raja Ampat Island, West Papua Province, Indonesia.

Gael",https://www.facebook.com/wonderfulplacesindo/photos/a.434169533418047.1073741827.433618953473105/512194005615599/?type=3,,https://scontent.xx.fbcdn.net/v/t1.0-0/p130x130/12042947_512194005615599_585886697089549340_n.jpg?oh=9f0d0b67cdfa06b6bd3e3cbc9420ac0b&oe=5953F7B9,,https://scontent.xx.fbcdn.net/v/t1.0-9/12042947_512194005615599_585886697089549340_n.jpg?oh=de0ba94a5d8af67543d6fefa6d80f5b9&oe=5954A1BF,,149,49,150,4,Beautiful! It looks like a star from this angle,,,,,,,2015-09-26T01:58:50+0000,2015,September,Saturday,True,2015-09-26T23:03:19+0000,2015,September,Saturday,True,3
433618953473105_507097792791887,wonderfulplacesindo,photo,Timeline Photos,"Jatiluwih Rice terraces, Bali.",https://www.facebook.com/wonderfulplacesindo/photos/a.434169533418047.1073741827.433618953473105/507097792791887/?type=3,,https://scontent.xx.fbcdn.net/v/t1.0-0/p130x130/12004745_507097792791887_9004314758028584144_n.jpg?oh=7a4cff3d05f44dcd42d03da92aae521b&oe=59504FD9,,https://scontent.xx.fbcdn.net/v/t1.0-9/12004745_507097792791887_9004314758028584144_n.jpg?oh=ad487d6f5cfd379053037ccd54f52c4b&oe=5957A257,,327,107,328,7,"It was forest once full of animals$$I have been there many times, one of the most fantastic places on earth.",,,,,,,2015-09-11T23:17:37+0000,2015,September,Friday,False,2015-09-17T07:27:13+0000,2015,September,Thursday,False,3
433618953473105_506962256138774,wonderfulplacesindo,photo,Timeline Photos,"America or Africa.

No, You are wrong.
This is Pergasingan hill, Sembulun, Lombok, Indonesia. <3",https://www.facebook.com/wonderfulplacesindo/photos/a.434169533418047.1073741827.433618953473105/506962256138774/?type=3,,https://scontent.xx.fbcdn.net/v/t1.0-0/s130x130/12002256_506962256138774_6221772240321138530_n.png?oh=7c3d4a6d045ffff3a918fc5c7715e719&oe=5963FF4F,,https://scontent.xx.fbcdn.net/v/t1.0-9/12002256_506962256138774_6221772240321138530_n.png?oh=f888c19bea312555ef2cbe6763e259ef&oe=59579AD2,,137,21,138,8,Ha ha..pegasingan hill? I know it.It is nest to Mt.Rinjani i climb every week.Pegasingan hill can be seen from Mt.Rinjani and also from the basecamp.Pegasingan hill is beautiful.Do you want to climb Mt.Rinjani and pegasingan hill? Lets go with me a recommended tour guide in Bayan North Lombok.$$the world is not only America or africa ......but Indonesia,,,,,,,2015-09-11T14:21:47+0000,2015,September,Friday,False,2015-10-05T06:16:43+0000,2015,October,Monday,False,3
433618953473105_506659036169096,wonderfulplacesindo,photo,Timeline Photos,"Misool - Raja Ampat.

Don't forget to keep the place clean when you visit this place.",https://www.facebook.com/wonderfulplacesindo/photos/a.434169533418047.1073741827.433618953473105/506659036169096/?type=3,,https://scontent.xx.fbcdn.net/v/t1.0-0/s130x130/11934960_506659036169096_8220944649690372145_n.jpg?oh=f0ea575d56312bac2f27da7d7eca8f29&oe=595D55FA,,https://scontent.xx.fbcdn.net/v/t1.0-9/11934960_506659036169096_8220944649690372145_n.jpg?oh=30a8b90ffe378a10b2c34a3026af4cca&oe=596BD267,,146,21,148,8,"Hi Aisha. Are you going there? If yes, when? I am going in October, would love to see you.$$Poppie Jagger where is this?",,,,,,,2015-09-10T15:25:02+0000,2015,September,Thursday,False,2015-09-11T11:53:16+0000,2015,September,Friday,False,1
433618953473105_506303826204617,wonderfulplacesindo,photo,Timeline Photos,"Ora beach, Maluku, Indonesia.
Let's swim together. :-D",https://www.facebook.com/wonderfulplacesindo/photos/a.434169533418047.1073741827.433618953473105/506303826204617/?type=3,,https://scontent.xx.fbcdn.net/v/t1.0-0/s130x130/11988629_506303826204617_4515898999467730530_n.png?oh=16db56bc835188234b406e1e300ce5ec&oe=596A2DA2,,https://scontent.xx.fbcdn.net/v/t1.0-9/11988629_506303826204617_4515898999467730530_n.png?oh=80ecf2d21002d5c1e86026ca3d29971b&oe=595CBE3F,,261,37,261,9,me too to long already in legian :D hihihihihi,,,,,,,2015-09-09T14:20:25+0000,2015,September,Wednesday,False,2015-09-11T11:37:13+0000,2015,September,Friday,False,3
433618953473105_504390116395988,wonderfulplacesindo,photo,Timeline Photos,"Waiting for sunset from Panpacific Bali, The luxury golf resort with breathtaking views of the Indian Ocean and Tanah Lot Temple",https://www.facebook.com/wonderfulplacesindo/photos/a.434169533418047.1073741827.433618953473105/504390116395988/?type=3,,https://scontent.xx.fbcdn.net/v/t1.0-0/q86/p130x130/11990407_504390116395988_5718619729942280373_n.jpg?oh=34a6356ae09348665f110114a0491104&oe=592536EC,,https://scontent.xx.fbcdn.net/v/t1.0-9/11990407_504390116395988_5718619729942280373_n.jpg?oh=edc7b94f0f781787bc7140426f34909f&oe=59644A20,,123,27,124,5,woooooooooow really really nice$$Love to be back to a beautiful country where I was born.$$I already go there... its a amazing place,,,,,,,2015-09-05T09:11:26+0000,2015,September,Saturday,True,2015-09-08T16:12:16+0000,2015,September,Tuesday,False,4
433618953473105_501930569975276,wonderfulplacesindo,photo,Timeline Photos,"Labuan cermin, Berau

➡ Like and ➡ Share",https://www.facebook.com/wonderfulplacesindo/photos/a.434169533418047.1073741827.433618953473105/501930569975276/?type=3,,https://scontent.xx.fbcdn.net/v/t1.0-0/q84/p130x130/11831715_501930569975276_4636291882121192914_n.jpg?oh=d8c229187eff717aa30f8efd031ac8ca&oe=59566DF0,,https://scontent.xx.fbcdn.net/v/t1.0-9/11831715_501930569975276_4636291882121192914_n.jpg?oh=a51aa1169c7b8d388fe6858179518355&oe=595AD642,,272,152,273,30,Teh Teresa SheQulastica Saimon Tingting Valentina Ramlah Hj Malayu Ryu Reena.. Next year! Jommm,,,,,,,2015-09-01T04:34:37+0000,2015,September,Tuesday,False,2016-07-18T14:05:00+0000,2016,July,Monday,False,1
433618953473105_500368506798149,wonderfulplacesindo,photo,Timeline Photos,"Malino Highland, South Sulawesi Province.

#Wonderful_Indonesia",https://www.facebook.com/wonderfulplacesindo/photos/a.434169533418047.1073741827.433618953473105/500368506798149/?type=3,,https://scontent.xx.fbcdn.net/v/t1.0-0/p130x130/11934958_500368506798149_8474800041750059411_n.jpg?oh=9d3cedd5551b752c14646852b45c7aa6&oe=5952646D,,https://scontent.xx.fbcdn.net/v/t1.0-9/11934958_500368506798149_8474800041750059411_n.jpg?oh=54dd3ac10a504d8a92a8e6da53e325a9&oe=596156E3,,61,1,62,4,Can I be an admin here?$$i want to lost there$$the ticket price is 50 k,,,,,,,2015-08-28T09:55:03+0000,2015,August,Friday,False,2016-06-04T04:56:05+0000,2016,June,Saturday,True,1
433618953473105_468610199973980,wonderfulplacesindo,photo,Photos from Wonderful Indonesia's post,"Komodo National Park Indonesia, who wants to visit this place?",https://www.facebook.com/wonderfulplacesindo/photos/a.456223381212662.1073741829.433618953473105/468610169973983/?type=3,,https://scontent.xx.fbcdn.net/v/t1.0-0/s130x130/1620700_468610169973983_719957229116317670_n.jpg?oh=8a04065809be0e00a15ad6fae43b3880&oe=595C3F7E,,https://scontent.xx.fbcdn.net/v/t1.0-9/1620700_468610169973983_719957229116317670_n.jpg?oh=ac3c03c5f3bf7221f2eb9125e0fbfa9c&oe=595A1445,Wonderful Indonesia added 3 new photos.,35,1,35,3,Hallo Muliadi Guide Barbir! Greeting from me! A tour guide Banten :),,,,,,,2015-06-10T01:52:54+0000,2015,June,Wednesday,False,2015-08-15T03:29:36+0000,2015,August,Saturday,True,5
433618953473105_461753300659670,wonderfulplacesindo,photo,Timeline Photos,"Ujung Kulon National Park, Banten Indonesia
Is the one of world heritage has protected by UNESCO since year 1991, the special of UKNP's is Rhinoceros Sondaicus, is the rareast mamals in the world and only found in Ujung Kulon National Park

Who wants to visit this place?",https://www.facebook.com/wonderfulplacesindo/photos/a.434169533418047.1073741827.433618953473105/461753300659670/?type=3,,https://scontent.xx.fbcdn.net/v/t1.0-0/s130x130/11120569_461753300659670_1495519265988250914_n.jpg?oh=9c2dcb7138002a2d2e4c378a84e99f0a&oe=59594DF3,,https://scontent.xx.fbcdn.net/v/t1.0-0/p180x540/11120569_461753300659670_1495519265988250914_n.jpg?oh=b3f59a7a7b77273214ca218b056229e7&oe=59624132,,60,6,63,3,"Wow my province.. :-)
In july I'll visit there..",,,,,,,2015-05-24T07:28:36+0000,2015,May,Sunday,True,2016-11-20T15:29:01+0000,2016,November,Sunday,True,5
433618953473105_457847184383615,wonderfulplacesindo,photo,Photos from Wonderful Indonesia's post,"Cemoro Lawang Village In Mt. Bromo.
Who Wants To Live Here??",https://www.facebook.com/wonderfulplacesindo/photos/a.456223381212662.1073741829.433618953473105/457847167716950/?type=3,,https://scontent.xx.fbcdn.net/v/t1.0-0/s130x130/11167848_457847167716950_3089548497797221505_n.jpg?oh=8ea58a91f7201346e1fac957ef874fc2&oe=592619ED,,https://scontent.xx.fbcdn.net/v/t1.0-9/s720x720/11167848_457847167716950_3089548497797221505_n.jpg?oh=c7431310193781dcb686d4617793219a&oe=5960CA12,Wonderful Indonesia added 2 new photos.,58,4,58,15,very cool place...literally,,,,,,,2015-05-13T18:00:50+0000,2015,May,Wednesday,False,2015-05-15T10:53:22+0000,2015,May,Friday,False,5
433618953473105_441061702728830,wonderfulplacesindo,photo,Timeline Photos,"Good morning everyone!
 This is Benang Kelambu WaterFall. Central lombok, NTB.
 What can you say?",https://www.facebook.com/wonderfulplacesindo/photos/a.434169533418047.1073741827.433618953473105/441061702728830/?type=3,,https://scontent.xx.fbcdn.net/v/t1.0-0/s130x130/20785_441061702728830_8141469516972315486_n.jpg?oh=c51297abdf4232c49cc48b5bcd94039a&oe=59261165,,https://scontent.xx.fbcdn.net/v/t1.0-9/s720x720/20785_441061702728830_8141469516972315486_n.jpg?oh=df476361abc4a587710fd86924d5b100&oe=596EA923,,117,17,117,21,I have been there many times bro.... So wonderful$$A lot of water elementary beings dancing here!,,,,,,,2015-04-02T23:44:04+0000,2015,April,Thursday,False,2017-03-19T04:26:44+0000,2017,March,Sunday,True,3
433618953473105_440824769419190,wonderfulplacesindo,photo,Timeline Photos,"Good Evening everyone.. ;-)

What would you like to say when saw this picture ..??
This is Komodo national park, East nusa tenggara, Indonesia..

If I'm just one
word, ie .. ""Wooowww"" :-D

#Wonderful_Indonesia..",https://www.facebook.com/wonderfulplacesindo/photos/a.434169533418047.1073741827.433618953473105/440824769419190/?type=3,,https://scontent.xx.fbcdn.net/v/t1.0-0/s130x130/11081302_440824769419190_2805931117529643067_n.jpg?oh=58244fa658e361421c4fd43fa600962b&oe=595CB5E7,,https://scontent.xx.fbcdn.net/v/t1.0-9/11081302_440824769419190_2805931117529643067_n.jpg?oh=4f162f7cf19ba5206977aa5e6d99aae1&oe=59721D7A,,83,10,83,6,"I love komodo island :) the absolute heaven on earth!$$Yeah . . .1 most beautifull places in the world . . .
  In my province . . .NUSA TENGGARA TIMUR(NTT)",,,,,,,2015-04-02T14:22:57+0000,2015,April,Thursday,False,2015-04-02T14:22:57+0000,2015,April,Thursday,False,3
433618953473105_440662702768730,wonderfulplacesindo,photo,Timeline Photos,(Cat Island) Heaven of cats in West Sulawesi.,https://www.facebook.com/wonderfulplacesindo/photos/a.434169533418047.1073741827.433618953473105/440662702768730/?type=3,,https://scontent.xx.fbcdn.net/v/t1.0-0/s130x130/11036900_440662702768730_7611459186955615597_n.jpg?oh=6aeb58be2d1b66f33c75c15c6c43d240&oe=596885C3,,https://scontent.xx.fbcdn.net/v/t1.0-9/11036900_440662702768730_7611459186955615597_n.jpg?oh=3dc09d8873fcedfc20a183f6a85b49db&oe=596BF25E,,78,10,86,8,Emma Burnham u will feel at home here,,,,,,,2015-04-02T08:57:16+0000,2015,April,Thursday,False,2016-11-22T11:16:03+0000,2016,November,Tuesday,False,3
433618953473105_438497806318553,wonderfulplacesindo,photo,Timeline Photos,"Pink beach is one of the famous tourist destinations in Komodo National Park, featured by the beautiful pink sandy beach, amazing underwater life and stunning panorama surrounding area.",https://www.facebook.com/wonderfulplacesindo/photos/a.434169533418047.1073741827.433618953473105/438497806318553/?type=3,,https://scontent.xx.fbcdn.net/v/t1.0-0/s130x130/10995113_438497806318553_1174532367875925505_n.jpg?oh=32fdad87ea4de03e5121341c69538be3&oe=59288F5F,,https://scontent.xx.fbcdn.net/v/t1.0-0/p480x480/10995113_438497806318553_1174532367875925505_n.jpg?oh=9eab250d83330d0c10545e13ecaaa9c3&oe=59660479,,90,18,90,23,Thanks for share it to me :)$$Wow I have to visit lombok.$$Thanks for mention (y)$$Not only at komodo island.at Lombok island is also pink beach at  north of lombok for exactly Adhy Alba$$Each time I visited the island over the years there were less fish.,,,,,,,2015-03-29T01:54:50+0000,2015,March,Sunday,True,2017-03-15T11:07:20+0000,2017,March,Wednesday,False,3
433618953473105_436387706529563,wonderfulplacesindo,photo,Timeline Photos,"Carstenz pyramid and mt. Jaya wijaya, Snowy mountains in Indonesia.",https://www.facebook.com/wonderfulplacesindo/photos/a.434169533418047.1073741827.433618953473105/436387706529563/?type=3,,https://scontent.xx.fbcdn.net/v/t1.0-0/s130x130/10425879_436387706529563_3361068795547431180_n.jpg?oh=ce4879dfee8b4208e69c0b00fd0ccef8&oe=59728DA1,,https://scontent.xx.fbcdn.net/v/t1.0-9/10425879_436387706529563_3361068795547431180_n.jpg?oh=e4ed76c2dddab0bfdf96b4d523bc48fd&oe=5927803C,,75,21,79,7,Snow?  So is this the highest mountain in Indonesia?,,,,,,,2015-03-24T08:29:54+0000,2015,March,Tuesday,False,2017-01-28T11:59:17+0000,2017,January,Saturday,True,3
